date,city,request_count,temperature_c,rainfall_mm,day_of_week,is_weekend,is_holiday,month,population_density
2024-01-01,Sydney,43,22.7,0.0,0,0,1,1,2058
2024-01-01,Melbourne,36,27.5,0.0,0,0,1,1,1566
2024-01-01,Brisbane,33,24.1,0.0,0,0,1,1,1031
2024-01-01,Perth,25,25.6,0.0,0,0,1,1,330
2024-01-01,Adelaide,22,23.2,0.0,0,0,1,1,407
2024-01-01,Canberra,22,29.8,0.0,0,0,1,1,171
2024-01-02,Sydney,86,24.8,0.0,1,0,0,1,2058
2024-01-02,Melbourne,79,23.8,0.3,1,0,0,1,1566
2024-01-02,Brisbane,73,22.5,0.0,1,0,0,1,1031
2024-01-02,Perth,51,25.3,0.0,1,0,0,1,330
2024-01-02,Adelaide,50,24.9,3.2,1,0,0,1,407
2024-01-02,Canberra,36,28.4,0.0,1,0,0,1,171
2024-01-03,Sydney,123,24.7,0.0,2,0,0,1,2058
2024-01-03,Melbourne,88,30.7,0.0,2,0,0,1,1566
2024-01-03,Brisbane,89,24.0,2.0,2,0,0,1,1031
2024-01-03,Perth,98,24.5,0.0,2,0,0,1,330
2024-01-03,Adelaide,54,34.9,4.1,2,0,0,1,407
2024-01-03,Canberra,31,22.6,2.7,2,0,0,1,171
2024-01-04,Sydney,87,31.4,0.0,3,0,0,1,2058
2024-01-04,Melbourne,86,26.3,3.4,3,0,0,1,1566
2024-01-04,Brisbane,68,29.3,0.0,3,0,0,1,1031
2024-01-04,Perth,64,28.6,2.0,3,0,0,1,330
2024-01-04,Adelaide,44,25.4,0.0,3,0,0,1,407
2024-01-04,Canberra,40,33.6,0.5,3,0,0,1,171
2024-01-05,Sydney,125,31.0,0.0,4,0,0,1,2058
2024-01-05,Melbourne,87,24.0,0.0,4,0,0,1,1566
2024-01-05,Brisbane,77,31.0,0.0,4,0,0,1,1031
2024-01-05,Perth,55,28.6,0.0,4,0,0,1,330
2024-01-05,Adelaide,45,28.1,0.0,4,0,0,1,407
2024-01-05,Canberra,32,33.4,0.6,4,0,0,1,171
2024-01-06,Sydney,55,31.6,0.0,5,1,0,1,2058
2024-01-06,Melbourne,64,37.0,1.1,5,1,0,1,1566
2024-01-06,Brisbane,49,30.3,0.6,5,1,0,1,1031
2024-01-06,Perth,29,30.3,2.0,5,1,0,1,330
2024-01-06,Adelaide,31,33.8,5.5,5,1,0,1,407
2024-01-06,Canberra,27,30.7,0.0,5,1,0,1,171
2024-01-07,Sydney,92,27.5,1.4,6,1,0,1,2058
2024-01-07,Melbourne,63,28.7,0.0,6,1,0,1,1566
2024-01-07,Brisbane,65,32.3,1.6,6,1,0,1,1031
2024-01-07,Perth,40,20.2,0.0,6,1,0,1,330
2024-01-07,Adelaide,27,23.2,0.5,6,1,0,1,407
2024-01-07,Canberra,25,25.0,1.2,6,1,0,1,171
2024-01-08,Sydney,109,26.9,0.0,0,0,0,1,2058
2024-01-08,Melbourne,75,32.0,0.0,0,0,0,1,1566
2024-01-08,Brisbane,70,30.3,0.0,0,0,0,1,1031
2024-01-08,Perth,43,33.6,0.0,0,0,0,1,330
2024-01-08,Adelaide,51,30.8,0.0,0,0,0,1,407
2024-01-08,Canberra,34,29.0,8.6,0,0,0,1,171
2024-01-09,Sydney,89,31.6,0.0,1,0,0,1,2058
2024-01-09,Melbourne,101,25.4,0.0,1,0,0,1,1566
2024-01-09,Brisbane,63,23.4,0.8,1,0,0,1,1031
2024-01-09,Perth,70,29.6,0.0,1,0,0,1,330
2024-01-09,Adelaide,40,21.3,5.8,1,0,0,1,407
2024-01-09,Canberra,35,23.4,0.0,1,0,0,1,171
2024-01-10,Sydney,95,35.1,4.6,2,0,0,1,2058
2024-01-10,Melbourne,110,27.6,0.0,2,0,0,1,1566
2024-01-10,Brisbane,93,34.1,0.0,2,0,0,1,1031
2024-01-10,Perth,53,24.6,0.0,2,0,0,1,330
2024-01-10,Adelaide,57,32.1,0.0,2,0,0,1,407
2024-01-10,Canberra,40,33.1,0.0,2,0,0,1,171
2024-01-11,Sydney,192,26.5,0.0,3,0,0,1,2058
2024-01-11,Melbourne,54,24.6,0.0,3,0,0,1,1566
2024-01-11,Brisbane,60,20.6,0.0,3,0,0,1,1031
2024-01-11,Perth,59,27.4,0.0,3,0,0,1,330
2024-01-11,Adelaide,30,25.3,0.0,3,0,0,1,407
2024-01-11,Canberra,37,28.2,0.0,3,0,0,1,171
2024-01-12,Sydney,103,36.2,0.0,4,0,0,1,2058
2024-01-12,Melbourne,90,21.5,0.0,4,0,0,1,1566
2024-01-12,Brisbane,67,20.0,0.0,4,0,0,1,1031
2024-01-12,Perth,57,29.8,0.0,4,0,0,1,330
2024-01-12,Adelaide,59,19.6,0.0,4,0,0,1,407
2024-01-12,Canberra,33,23.9,0.0,4,0,0,1,171
2024-01-13,Sydney,72,28.0,0.0,5,1,0,1,2058
2024-01-13,Melbourne,78,30.3,0.0,5,1,0,1,1566
2024-01-13,Brisbane,54,26.2,0.0,5,1,0,1,1031
2024-01-13,Perth,55,32.4,0.0,5,1,0,1,330
2024-01-13,Adelaide,76,27.7,0.0,5,1,0,1,407
2024-01-13,Canberra,27,30.9,0.0,5,1,0,1,171
2024-01-14,Sydney,80,27.6,0.0,6,1,0,1,2058
2024-01-14,Melbourne,74,36.9,0.0,6,1,0,1,1566
2024-01-14,Brisbane,42,23.5,0.0,6,1,0,1,1031
2024-01-14,Perth,36,33.7,0.0,6,1,0,1,330
2024-01-14,Adelaide,40,26.8,0.8,6,1,0,1,407
2024-01-14,Canberra,26,34.1,0.0,6,1,0,1,171
2024-01-15,Sydney,126,25.5,0.3,0,0,0,1,2058
2024-01-15,Melbourne,78,30.8,0.0,0,0,0,1,1566
2024-01-15,Brisbane,56,36.9,0.0,0,0,0,1,1031
2024-01-15,Perth,137,34.8,0.3,0,0,0,1,330
2024-01-15,Adelaide,41,31.5,2.8,0,0,0,1,407
2024-01-15,Canberra,22,27.1,0.0,0,0,0,1,171
2024-01-16,Sydney,89,23.1,0.0,1,0,0,1,2058
2024-01-16,Melbourne,81,28.8,3.3,1,0,0,1,1566
2024-01-16,Brisbane,67,26.5,0.0,1,0,0,1,1031
2024-01-16,Perth,67,30.5,0.0,1,0,0,1,330
2024-01-16,Adelaide,47,32.2,0.7,1,0,0,1,407
2024-01-16,Canberra,42,23.8,0.0,1,0,0,1,171
2024-01-17,Sydney,100,30.8,1.7,2,0,0,1,2058
2024-01-17,Melbourne,262,24.8,0.0,2,0,0,1,1566
2024-01-17,Brisbane,86,28.0,0.0,2,0,0,1,1031
2024-01-17,Perth,72,28.7,0.4,2,0,0,1,330
2024-01-17,Adelaide,48,33.6,0.0,2,0,0,1,407
2024-01-17,Canberra,32,31.6,0.0,2,0,0,1,171
2024-01-18,Sydney,103,29.0,0.0,3,0,0,1,2058
2024-01-18,Melbourne,84,34.1,0.0,3,0,0,1,1566
2024-01-18,Brisbane,73,28.3,0.0,3,0,0,1,1031
2024-01-18,Perth,56,29.0,0.0,3,0,0,1,330
2024-01-18,Adelaide,54,30.1,0.0,3,0,0,1,407
2024-01-18,Canberra,82,28.0,1.4,3,0,0,1,171
2024-01-19,Sydney,120,26.8,0.0,4,0,0,1,2058
2024-01-19,Melbourne,75,29.9,0.0,4,0,0,1,1566
2024-01-19,Brisbane,76,33.6,1.1,4,0,0,1,1031
2024-01-19,Perth,61,24.1,0.0,4,0,0,1,330
2024-01-19,Adelaide,66,26.8,0.0,4,0,0,1,407
2024-01-19,Canberra,38,25.1,0.0,4,0,0,1,171
2024-01-20,Sydney,57,27.6,0.0,5,1,0,1,2058
2024-01-20,Melbourne,64,26.7,0.0,5,1,0,1,1566
2024-01-20,Brisbane,54,26.2,1.6,5,1,0,1,1031
2024-01-20,Perth,37,32.5,0.9,5,1,0,1,330
2024-01-20,Adelaide,45,39.3,1.3,5,1,0,1,407
2024-01-20,Canberra,23,31.8,0.0,5,1,0,1,171
2024-01-21,Sydney,63,22.5,0.0,6,1,0,1,2058
2024-01-21,Melbourne,57,29.4,1.9,6,1,0,1,1566
2024-01-21,Brisbane,60,28.7,0.0,6,1,0,1,1031
2024-01-21,Perth,43,31.0,0.0,6,1,0,1,330
2024-01-21,Adelaide,28,25.2,0.0,6,1,0,1,407
2024-01-21,Canberra,20,25.2,0.0,6,1,0,1,171
2024-01-22,Sydney,104,20.4,0.0,0,0,0,1,2058
2024-01-22,Melbourne,103,27.4,0.0,0,0,0,1,1566
2024-01-22,Brisbane,63,28.0,0.0,0,0,0,1,1031
2024-01-22,Perth,68,26.7,0.0,0,0,0,1,330
2024-01-22,Adelaide,50,18.6,2.7,0,0,0,1,407
2024-01-22,Canberra,34,26.4,0.0,0,0,0,1,171
2024-01-23,Sydney,141,20.9,0.0,1,0,0,1,2058
2024-01-23,Melbourne,93,26.6,10.8,1,0,0,1,1566
2024-01-23,Brisbane,72,22.5,2.8,1,0,0,1,1031
2024-01-23,Perth,69,38.5,0.0,1,0,0,1,330
2024-01-23,Adelaide,51,29.6,0.0,1,0,0,1,407
2024-01-23,Canberra,30,32.6,0.0,1,0,0,1,171
2024-01-24,Sydney,128,27.5,0.9,2,0,0,1,2058
2024-01-24,Melbourne,108,30.1,1.6,2,0,0,1,1566
2024-01-24,Brisbane,75,26.1,0.0,2,0,0,1,1031
2024-01-24,Perth,51,31.9,0.0,2,0,0,1,330
2024-01-24,Adelaide,60,31.2,0.0,2,0,0,1,407
2024-01-24,Canberra,28,32.7,0.5,2,0,0,1,171
2024-01-25,Sydney,115,20.8,0.0,3,0,0,1,2058
2024-01-25,Melbourne,94,30.7,0.1,3,0,0,1,1566
2024-01-25,Brisbane,85,26.5,1.6,3,0,0,1,1031
2024-01-25,Perth,61,24.7,0.0,3,0,0,1,330
2024-01-25,Adelaide,49,33.1,0.0,3,0,0,1,407
2024-01-25,Canberra,42,27.8,0.0,3,0,0,1,171
2024-01-26,Sydney,49,19.3,0.5,4,0,1,1,2058
2024-01-26,Melbourne,45,27.1,0.0,4,0,1,1,1566
2024-01-26,Brisbane,29,27.7,1.0,4,0,1,1,1031
2024-01-26,Perth,24,31.9,0.0,4,0,1,1,330
2024-01-26,Adelaide,20,27.1,0.0,4,0,1,1,407
2024-01-26,Canberra,17,27.8,0.0,4,0,1,1,171
2024-01-27,Sydney,101,27.4,1.3,5,1,0,1,2058
2024-01-27,Melbourne,61,33.5,0.0,5,1,0,1,1566
2024-01-27,Brisbane,58,26.4,0.0,5,1,0,1,1031
2024-01-27,Perth,44,31.3,0.0,5,1,0,1,330
2024-01-27,Adelaide,43,28.3,0.0,5,1,0,1,407
2024-01-27,Canberra,50,31.6,0.0,5,1,0,1,171
2024-01-28,Sydney,80,29.5,1.4,6,1,0,1,2058
2024-01-28,Melbourne,75,27.6,0.0,6,1,0,1,1566
2024-01-28,Brisbane,73,24.6,0.0,6,1,0,1,1031
2024-01-28,Perth,53,27.4,0.0,6,1,0,1,330
2024-01-28,Adelaide,45,26.0,1.7,6,1,0,1,407
2024-01-28,Canberra,24,30.0,0.2,6,1,0,1,171
2024-01-29,Sydney,145,26.1,0.0,0,0,0,1,2058
2024-01-29,Melbourne,113,35.3,0.0,0,0,0,1,1566
2024-01-29,Brisbane,79,22.9,0.0,0,0,0,1,1031
2024-01-29,Perth,61,28.0,0.0,0,0,0,1,330
2024-01-29,Adelaide,51,27.9,0.6,0,0,0,1,407
2024-01-29,Canberra,44,32.3,0.9,0,0,0,1,171
2024-01-30,Sydney,129,30.3,0.0,1,0,0,1,2058
2024-01-30,Melbourne,118,23.2,0.0,1,0,0,1,1566
2024-01-30,Brisbane,88,24.1,0.0,1,0,0,1,1031
2024-01-30,Perth,63,26.9,0.7,1,0,0,1,330
2024-01-30,Adelaide,53,27.2,0.0,1,0,0,1,407
2024-01-30,Canberra,35,27.4,0.0,1,0,0,1,171
2024-01-31,Sydney,141,32.9,0.8,2,0,0,1,2058
2024-01-31,Melbourne,105,28.9,0.3,2,0,0,1,1566
2024-01-31,Brisbane,80,32.2,2.0,2,0,0,1,1031
2024-01-31,Perth,51,34.4,0.0,2,0,0,1,330
2024-01-31,Adelaide,44,29.0,2.9,2,0,0,1,407
2024-01-31,Canberra,41,28.3,0.0,2,0,0,1,171
2024-02-01,Sydney,80,22.1,0.0,3,0,0,2,2058
2024-02-01,Melbourne,108,27.2,1.7,3,0,0,2,1566
2024-02-01,Brisbane,68,27.5,1.3,3,0,0,2,1031
2024-02-01,Perth,61,28.4,2.2,3,0,0,2,330
2024-02-01,Adelaide,42,27.9,1.4,3,0,0,2,407
2024-02-01,Canberra,43,27.5,0.0,3,0,0,2,171
2024-02-02,Sydney,114,22.4,1.2,4,0,0,2,2058
2024-02-02,Melbourne,127,33.1,0.0,4,0,0,2,1566
2024-02-02,Brisbane,83,32.2,0.0,4,0,0,2,1031
2024-02-02,Perth,61,29.3,3.0,4,0,0,2,330
2024-02-02,Adelaide,58,27.1,4.0,4,0,0,2,407
2024-02-02,Canberra,40,25.9,0.0,4,0,0,2,171
2024-02-03,Sydney,83,27.2,0.0,5,1,0,2,2058
2024-02-03,Melbourne,73,35.8,0.0,5,1,0,2,1566
2024-02-03,Brisbane,40,26.5,0.0,5,1,0,2,1031
2024-02-03,Perth,54,34.7,0.0,5,1,0,2,330
2024-02-03,Adelaide,40,27.4,0.0,5,1,0,2,407
2024-02-03,Canberra,29,23.4,0.0,5,1,0,2,171
2024-02-04,Sydney,78,19.1,0.0,6,1,0,2,2058
2024-02-04,Melbourne,70,30.2,0.0,6,1,0,2,1566
2024-02-04,Brisbane,57,20.5,0.1,6,1,0,2,1031
2024-02-04,Perth,34,28.3,0.0,6,1,0,2,330
2024-02-04,Adelaide,36,29.5,2.8,6,1,0,2,407
2024-02-04,Canberra,33,32.8,0.0,6,1,0,2,171
2024-02-05,Sydney,127,26.4,0.0,0,0,0,2,2058
2024-02-05,Melbourne,119,28.7,0.4,0,0,0,2,1566
2024-02-05,Brisbane,101,24.1,0.0,0,0,0,2,1031
2024-02-05,Perth,58,24.7,4.3,0,0,0,2,330
2024-02-05,Adelaide,50,28.9,1.0,0,0,0,2,407
2024-02-05,Canberra,37,25.2,0.0,0,0,0,2,171
2024-02-06,Sydney,117,33.1,4.7,1,0,0,2,2058
2024-02-06,Melbourne,131,29.0,0.0,1,0,0,2,1566
2024-02-06,Brisbane,87,34.0,0.0,1,0,0,2,1031
2024-02-06,Perth,70,32.1,0.0,1,0,0,2,330
2024-02-06,Adelaide,45,40.5,0.0,1,0,0,2,407
2024-02-06,Canberra,67,26.4,0.0,1,0,0,2,171
2024-02-07,Sydney,140,28.0,0.0,2,0,0,2,2058
2024-02-07,Melbourne,126,21.2,0.0,2,0,0,2,1566
2024-02-07,Brisbane,65,28.2,0.0,2,0,0,2,1031
2024-02-07,Perth,69,25.6,0.0,2,0,0,2,330
2024-02-07,Adelaide,43,27.6,0.0,2,0,0,2,407
2024-02-07,Canberra,50,22.4,0.0,2,0,0,2,171
2024-02-08,Sydney,118,21.4,1.0,3,0,0,2,2058
2024-02-08,Melbourne,113,26.3,0.0,3,0,0,2,1566
2024-02-08,Brisbane,101,22.0,0.0,3,0,0,2,1031
2024-02-08,Perth,72,30.3,1.2,3,0,0,2,330
2024-02-08,Adelaide,54,26.0,2.2,3,0,0,2,407
2024-02-08,Canberra,38,29.8,0.0,3,0,0,2,171
2024-02-09,Sydney,129,28.4,0.0,4,0,0,2,2058
2024-02-09,Melbourne,103,30.1,2.6,4,0,0,2,1566
2024-02-09,Brisbane,65,25.6,1.8,4,0,0,2,1031
2024-02-09,Perth,82,28.7,0.0,4,0,0,2,330
2024-02-09,Adelaide,49,30.9,0.0,4,0,0,2,407
2024-02-09,Canberra,43,25.3,0.6,4,0,0,2,171
2024-02-10,Sydney,100,29.8,0.0,5,1,0,2,2058
2024-02-10,Melbourne,64,30.5,2.2,5,1,0,2,1566
2024-02-10,Brisbane,58,37.6,0.0,5,1,0,2,1031
2024-02-10,Perth,47,32.3,0.0,5,1,0,2,330
2024-02-10,Adelaide,43,24.8,0.0,5,1,0,2,407
2024-02-10,Canberra,27,30.3,0.0,5,1,0,2,171
2024-02-11,Sydney,91,30.9,0.0,6,1,0,2,2058
2024-02-11,Melbourne,77,23.2,1.6,6,1,0,2,1566
2024-02-11,Brisbane,69,29.0,0.2,6,1,0,2,1031
2024-02-11,Perth,44,24.4,0.0,6,1,0,2,330
2024-02-11,Adelaide,38,26.3,0.0,6,1,0,2,407
2024-02-11,Canberra,29,28.8,0.0,6,1,0,2,171
2024-02-12,Sydney,129,21.0,0.0,0,0,0,2,2058
2024-02-12,Melbourne,98,28.9,0.0,0,0,0,2,1566
2024-02-12,Brisbane,64,21.9,0.0,0,0,0,2,1031
2024-02-12,Perth,71,31.4,0.3,0,0,0,2,330
2024-02-12,Adelaide,56,29.7,0.0,0,0,0,2,407
2024-02-12,Canberra,44,25.7,0.0,0,0,0,2,171
2024-02-13,Sydney,99,23.8,2.5,1,0,0,2,2058
2024-02-13,Melbourne,87,26.3,0.0,1,0,0,2,1566
2024-02-13,Brisbane,72,23.5,8.9,1,0,0,2,1031
2024-02-13,Perth,71,34.8,1.7,1,0,0,2,330
2024-02-13,Adelaide,56,28.9,0.3,1,0,0,2,407
2024-02-13,Canberra,34,27.6,0.0,1,0,0,2,171
2024-02-14,Sydney,150,25.6,3.0,2,0,0,2,2058
2024-02-14,Melbourne,116,21.7,0.5,2,0,0,2,1566
2024-02-14,Brisbane,80,27.3,0.0,2,0,0,2,1031
2024-02-14,Perth,62,30.8,0.0,2,0,0,2,330
2024-02-14,Adelaide,60,27.6,0.0,2,0,0,2,407
2024-02-14,Canberra,47,26.1,0.0,2,0,0,2,171
2024-02-15,Sydney,154,23.3,0.0,3,0,0,2,2058
2024-02-15,Melbourne,116,28.6,0.0,3,0,0,2,1566
2024-02-15,Brisbane,83,22.7,0.4,3,0,0,2,1031
2024-02-15,Perth,67,32.1,1.1,3,0,0,2,330
2024-02-15,Adelaide,75,24.7,0.0,3,0,0,2,407
2024-02-15,Canberra,36,34.3,0.3,3,0,0,2,171
2024-02-16,Sydney,111,30.9,0.0,4,0,0,2,2058
2024-02-16,Melbourne,93,24.0,0.0,4,0,0,2,1566
2024-02-16,Brisbane,55,30.6,0.0,4,0,0,2,1031
2024-02-16,Perth,66,36.3,0.0,4,0,0,2,330
2024-02-16,Adelaide,55,28.9,0.0,4,0,0,2,407
2024-02-16,Canberra,44,25.9,0.0,4,0,0,2,171
2024-02-17,Sydney,104,23.2,0.0,5,1,0,2,2058
2024-02-17,Melbourne,70,25.9,0.0,5,1,0,2,1566
2024-02-17,Brisbane,42,26.1,0.0,5,1,0,2,1031
2024-02-17,Perth,41,30.9,0.0,5,1,0,2,330
2024-02-17,Adelaide,42,30.0,0.0,5,1,0,2,407
2024-02-17,Canberra,27,26.7,0.0,5,1,0,2,171
2024-02-18,Sydney,142,27.2,0.0,6,1,0,2,2058
2024-02-18,Melbourne,95,32.9,0.0,6,1,0,2,1566
2024-02-18,Brisbane,55,30.8,0.0,6,1,0,2,1031
2024-02-18,Perth,31,27.9,0.7,6,1,0,2,330
2024-02-18,Adelaide,42,36.2,1.2,6,1,0,2,407
2024-02-18,Canberra,27,26.6,2.3,6,1,0,2,171
2024-02-19,Sydney,107,33.5,0.0,0,0,0,2,2058
2024-02-19,Melbourne,90,29.7,5.2,0,0,0,2,1566
2024-02-19,Brisbane,81,31.8,2.0,0,0,0,2,1031
2024-02-19,Perth,64,26.2,0.0,0,0,0,2,330
2024-02-19,Adelaide,63,26.6,0.0,0,0,0,2,407
2024-02-19,Canberra,44,30.4,0.0,0,0,0,2,171
2024-02-20,Sydney,116,23.3,0.0,1,0,0,2,2058
2024-02-20,Melbourne,97,35.4,0.0,1,0,0,2,1566
2024-02-20,Brisbane,81,30.5,2.6,1,0,0,2,1031
2024-02-20,Perth,34,20.1,0.0,1,0,0,2,330
2024-02-20,Adelaide,64,33.1,0.6,1,0,0,2,407
2024-02-20,Canberra,49,32.2,0.7,1,0,0,2,171
2024-02-21,Sydney,117,21.8,0.0,2,0,0,2,2058
2024-02-21,Melbourne,105,26.4,0.0,2,0,0,2,1566
2024-02-21,Brisbane,91,27.7,0.0,2,0,0,2,1031
2024-02-21,Perth,68,32.4,0.0,2,0,0,2,330
2024-02-21,Adelaide,62,29.1,0.1,2,0,0,2,407
2024-02-21,Canberra,50,21.2,0.0,2,0,0,2,171
2024-02-22,Sydney,109,23.6,0.0,3,0,0,2,2058
2024-02-22,Melbourne,84,31.7,0.0,3,0,0,2,1566
2024-02-22,Brisbane,141,32.0,0.0,3,0,0,2,1031
2024-02-22,Perth,70,27.6,1.5,3,0,0,2,330
2024-02-22,Adelaide,51,26.7,1.1,3,0,0,2,407
2024-02-22,Canberra,36,27.1,0.0,3,0,0,2,171
2024-02-23,Sydney,155,25.7,0.7,4,0,0,2,2058
2024-02-23,Melbourne,153,26.2,2.6,4,0,0,2,1566
2024-02-23,Brisbane,104,20.7,1.8,4,0,0,2,1031
2024-02-23,Perth,49,22.6,0.0,4,0,0,2,330
2024-02-23,Adelaide,61,33.0,0.0,4,0,0,2,407
2024-02-23,Canberra,24,18.3,0.0,4,0,0,2,171
2024-02-24,Sydney,103,28.3,0.8,5,1,0,2,2058
2024-02-24,Melbourne,112,26.7,0.0,5,1,0,2,1566
2024-02-24,Brisbane,69,30.6,0.2,5,1,0,2,1031
2024-02-24,Perth,32,26.7,3.0,5,1,0,2,330
2024-02-24,Adelaide,71,25.6,0.0,5,1,0,2,407
2024-02-24,Canberra,29,25.5,0.0,5,1,0,2,171
2024-02-25,Sydney,80,25.3,0.0,6,1,0,2,2058
2024-02-25,Melbourne,82,31.8,0.0,6,1,0,2,1566
2024-02-25,Brisbane,74,34.0,0.0,6,1,0,2,1031
2024-02-25,Perth,49,30.5,0.0,6,1,0,2,330
2024-02-25,Adelaide,44,35.2,0.0,6,1,0,2,407
2024-02-25,Canberra,26,31.3,0.0,6,1,0,2,171
2024-02-26,Sydney,96,25.8,1.9,0,0,0,2,2058
2024-02-26,Melbourne,97,28.8,0.0,0,0,0,2,1566
2024-02-26,Brisbane,72,28.8,0.0,0,0,0,2,1031
2024-02-26,Perth,83,33.2,0.0,0,0,0,2,330
2024-02-26,Adelaide,65,32.1,0.0,0,0,0,2,407
2024-02-26,Canberra,53,31.8,0.0,0,0,0,2,171
2024-02-27,Sydney,84,33.9,0.0,1,0,0,2,2058
2024-02-27,Melbourne,101,29.5,0.0,1,0,0,2,1566
2024-02-27,Brisbane,84,18.4,2.9,1,0,0,2,1031
2024-02-27,Perth,160,23.0,0.0,1,0,0,2,330
2024-02-27,Adelaide,55,25.2,0.0,1,0,0,2,407
2024-02-27,Canberra,42,30.3,0.0,1,0,0,2,171
2024-02-28,Sydney,358,32.4,0.0,2,0,0,2,2058
2024-02-28,Melbourne,134,23.5,0.0,2,0,0,2,1566
2024-02-28,Brisbane,76,24.7,0.0,2,0,0,2,1031
2024-02-28,Perth,81,18.6,0.0,2,0,0,2,330
2024-02-28,Adelaide,161,32.4,0.0,2,0,0,2,407
2024-02-28,Canberra,49,20.7,0.1,2,0,0,2,171
2024-02-29,Sydney,132,29.8,0.0,3,0,0,2,2058
2024-02-29,Melbourne,117,30.2,0.0,3,0,0,2,1566
2024-02-29,Brisbane,93,25.8,2.6,3,0,0,2,1031
2024-02-29,Perth,67,30.6,1.1,3,0,0,2,330
2024-02-29,Adelaide,67,31.5,0.0,3,0,0,2,407
2024-02-29,Canberra,41,28.0,0.0,3,0,0,2,171
2024-03-01,Sydney,139,20.2,0.0,4,0,0,3,2058
2024-03-01,Melbourne,117,18.0,0.0,4,0,0,3,1566
2024-03-01,Brisbane,97,22.3,0.0,4,0,0,3,1031
2024-03-01,Perth,85,26.7,0.6,4,0,0,3,330
2024-03-01,Adelaide,59,18.6,0.0,4,0,0,3,407
2024-03-01,Canberra,39,20.9,1.5,4,0,0,3,171
2024-03-02,Sydney,99,21.7,2.1,5,1,0,3,2058
2024-03-02,Melbourne,68,22.0,0.0,5,1,0,3,1566
2024-03-02,Brisbane,68,21.4,0.8,5,1,0,3,1031
2024-03-02,Perth,49,24.6,7.7,5,1,0,3,330
2024-03-02,Adelaide,53,22.7,1.1,5,1,0,3,407
2024-03-02,Canberra,27,17.5,0.0,5,1,0,3,171
2024-03-03,Sydney,96,24.7,0.0,6,1,0,3,2058
2024-03-03,Melbourne,73,22.0,0.0,6,1,0,3,1566
2024-03-03,Brisbane,59,14.4,0.0,6,1,0,3,1031
2024-03-03,Perth,55,22.4,0.0,6,1,0,3,330
2024-03-03,Adelaide,41,18.7,2.9,6,1,0,3,407
2024-03-03,Canberra,37,22.3,0.0,6,1,0,3,171
2024-03-04,Sydney,146,25.2,0.0,0,0,0,3,2058
2024-03-04,Melbourne,131,27.3,1.0,0,0,0,3,1566
2024-03-04,Brisbane,112,19.8,0.0,0,0,0,3,1031
2024-03-04,Perth,46,16.1,0.0,0,0,0,3,330
2024-03-04,Adelaide,58,21.5,0.0,0,0,0,3,407
2024-03-04,Canberra,56,20.5,0.7,0,0,0,3,171
2024-03-05,Sydney,139,21.0,0.0,1,0,0,3,2058
2024-03-05,Melbourne,154,19.7,1.8,1,0,0,3,1566
2024-03-05,Brisbane,95,23.9,1.2,1,0,0,3,1031
2024-03-05,Perth,57,22.8,0.0,1,0,0,3,330
2024-03-05,Adelaide,66,21.8,0.0,1,0,0,3,407
2024-03-05,Canberra,54,24.5,0.3,1,0,0,3,171
2024-03-06,Sydney,150,22.5,4.1,2,0,0,3,2058
2024-03-06,Melbourne,103,20.6,0.0,2,0,0,3,1566
2024-03-06,Brisbane,87,19.6,0.0,2,0,0,3,1031
2024-03-06,Perth,56,27.2,0.3,2,0,0,3,330
2024-03-06,Adelaide,69,22.8,1.9,2,0,0,3,407
2024-03-06,Canberra,25,18.9,0.8,2,0,0,3,171
2024-03-07,Sydney,133,22.3,0.0,3,0,0,3,2058
2024-03-07,Melbourne,125,22.5,0.0,3,0,0,3,1566
2024-03-07,Brisbane,97,17.7,0.0,3,0,0,3,1031
2024-03-07,Perth,80,28.8,0.0,3,0,0,3,330
2024-03-07,Adelaide,66,19.4,0.0,3,0,0,3,407
2024-03-07,Canberra,41,22.0,3.5,3,0,0,3,171
2024-03-08,Sydney,124,23.2,0.0,4,0,0,3,2058
2024-03-08,Melbourne,112,17.0,3.3,4,0,0,3,1566
2024-03-08,Brisbane,93,19.3,0.0,4,0,0,3,1031
2024-03-08,Perth,57,20.2,0.0,4,0,0,3,330
2024-03-08,Adelaide,64,19.5,0.0,4,0,0,3,407
2024-03-08,Canberra,45,23.7,0.0,4,0,0,3,171
2024-03-09,Sydney,93,25.6,1.9,5,1,0,3,2058
2024-03-09,Melbourne,84,22.1,4.3,5,1,0,3,1566
2024-03-09,Brisbane,63,24.6,0.0,5,1,0,3,1031
2024-03-09,Perth,49,22.7,0.0,5,1,0,3,330
2024-03-09,Adelaide,49,25.5,0.0,5,1,0,3,407
2024-03-09,Canberra,33,25.4,0.0,5,1,0,3,171
2024-03-10,Sydney,79,22.2,0.0,6,1,0,3,2058
2024-03-10,Melbourne,57,18.0,0.0,6,1,0,3,1566
2024-03-10,Brisbane,75,18.4,0.7,6,1,0,3,1031
2024-03-10,Perth,68,18.8,1.6,6,1,0,3,330
2024-03-10,Adelaide,104,20.0,0.0,6,1,0,3,407
2024-03-10,Canberra,30,25.0,5.2,6,1,0,3,171
2024-03-11,Sydney,126,25.0,0.0,0,0,0,3,2058
2024-03-11,Melbourne,143,21.0,2.0,0,0,0,3,1566
2024-03-11,Brisbane,84,19.1,0.0,0,0,0,3,1031
2024-03-11,Perth,84,19.4,0.0,0,0,0,3,330
2024-03-11,Adelaide,81,21.2,0.9,0,0,0,3,407
2024-03-11,Canberra,74,22.9,3.2,0,0,0,3,171
2024-03-12,Sydney,137,19.5,0.3,1,0,0,3,2058
2024-03-12,Melbourne,327,24.8,0.0,1,0,0,3,1566
2024-03-12,Brisbane,85,19.9,0.0,1,0,0,3,1031
2024-03-12,Perth,81,27.1,3.3,1,0,0,3,330
2024-03-12,Adelaide,67,23.6,0.0,1,0,0,3,407
2024-03-12,Canberra,26,25.3,0.0,1,0,0,3,171
2024-03-13,Sydney,165,27.3,0.0,2,0,0,3,2058
2024-03-13,Melbourne,134,16.2,0.0,2,0,0,3,1566
2024-03-13,Brisbane,107,22.3,0.0,2,0,0,3,1031
2024-03-13,Perth,86,18.5,2.3,2,0,0,3,330
2024-03-13,Adelaide,56,18.4,0.0,2,0,0,3,407
2024-03-13,Canberra,33,21.8,0.0,2,0,0,3,171
2024-03-14,Sydney,142,25.9,0.0,3,0,0,3,2058
2024-03-14,Melbourne,105,26.2,2.3,3,0,0,3,1566
2024-03-14,Brisbane,83,17.6,0.0,3,0,0,3,1031
2024-03-14,Perth,69,31.5,0.0,3,0,0,3,330
2024-03-14,Adelaide,81,20.2,0.0,3,0,0,3,407
2024-03-14,Canberra,54,26.6,2.4,3,0,0,3,171
2024-03-15,Sydney,139,22.0,0.0,4,0,0,3,2058
2024-03-15,Melbourne,109,19.3,0.0,4,0,0,3,1566
2024-03-15,Brisbane,79,20.9,6.4,4,0,0,3,1031
2024-03-15,Perth,84,21.5,1.9,4,0,0,3,330
2024-03-15,Adelaide,72,23.2,0.0,4,0,0,3,407
2024-03-15,Canberra,52,28.4,0.0,4,0,0,3,171
2024-03-16,Sydney,218,21.2,0.0,5,1,0,3,2058
2024-03-16,Melbourne,94,20.5,0.0,5,1,0,3,1566
2024-03-16,Brisbane,73,22.0,0.0,5,1,0,3,1031
2024-03-16,Perth,51,22.7,0.6,5,1,0,3,330
2024-03-16,Adelaide,46,26.8,0.0,5,1,0,3,407
2024-03-16,Canberra,45,21.4,0.0,5,1,0,3,171
2024-03-17,Sydney,180,24.2,2.2,6,1,0,3,2058
2024-03-17,Melbourne,103,25.1,0.0,6,1,0,3,1566
2024-03-17,Brisbane,81,22.4,0.0,6,1,0,3,1031
2024-03-17,Perth,69,18.0,0.0,6,1,0,3,330
2024-03-17,Adelaide,40,20.2,0.0,6,1,0,3,407
2024-03-17,Canberra,44,19.1,0.0,6,1,0,3,171
2024-03-18,Sydney,189,20.3,0.0,0,0,0,3,2058
2024-03-18,Melbourne,115,21.4,0.0,0,0,0,3,1566
2024-03-18,Brisbane,97,22.6,0.0,0,0,0,3,1031
2024-03-18,Perth,67,19.5,0.0,0,0,0,3,330
2024-03-18,Adelaide,71,21.7,0.0,0,0,0,3,407
2024-03-18,Canberra,37,23.6,0.0,0,0,0,3,171
2024-03-19,Sydney,161,23.5,1.0,1,0,0,3,2058
2024-03-19,Melbourne,121,21.3,0.4,1,0,0,3,1566
2024-03-19,Brisbane,98,17.9,0.0,1,0,0,3,1031
2024-03-19,Perth,77,27.0,2.0,1,0,0,3,330
2024-03-19,Adelaide,76,22.1,0.0,1,0,0,3,407
2024-03-19,Canberra,40,22.4,0.0,1,0,0,3,171
2024-03-20,Sydney,194,25.8,0.0,2,0,0,3,2058
2024-03-20,Melbourne,128,21.1,0.0,2,0,0,3,1566
2024-03-20,Brisbane,108,24.2,0.0,2,0,0,3,1031
2024-03-20,Perth,90,21.4,0.0,2,0,0,3,330
2024-03-20,Adelaide,74,20.1,0.0,2,0,0,3,407
2024-03-20,Canberra,52,21.0,0.0,2,0,0,3,171
2024-03-21,Sydney,173,18.6,0.0,3,0,0,3,2058
2024-03-21,Melbourne,115,20.6,0.7,3,0,0,3,1566
2024-03-21,Brisbane,116,22.0,0.0,3,0,0,3,1031
2024-03-21,Perth,70,22.7,1.9,3,0,0,3,330
2024-03-21,Adelaide,132,20.4,2.4,3,0,0,3,407
2024-03-21,Canberra,54,20.7,0.0,3,0,0,3,171
2024-03-22,Sydney,170,23.9,0.0,4,0,0,3,2058
2024-03-22,Melbourne,125,23.0,1.9,4,0,0,3,1566
2024-03-22,Brisbane,74,21.4,0.0,4,0,0,3,1031
2024-03-22,Perth,64,19.5,11.1,4,0,0,3,330
2024-03-22,Adelaide,67,16.2,1.5,4,0,0,3,407
2024-03-22,Canberra,51,19.4,5.2,4,0,0,3,171
2024-03-23,Sydney,103,22.9,0.0,5,1,0,3,2058
2024-03-23,Melbourne,102,21.8,4.0,5,1,0,3,1566
2024-03-23,Brisbane,71,24.0,2.9,5,1,0,3,1031
2024-03-23,Perth,46,18.6,0.0,5,1,0,3,330
2024-03-23,Adelaide,47,24.9,0.0,5,1,0,3,407
2024-03-23,Canberra,40,25.2,0.0,5,1,0,3,171
2024-03-24,Sydney,120,14.6,0.0,6,1,0,3,2058
2024-03-24,Melbourne,113,20.2,2.3,6,1,0,3,1566
2024-03-24,Brisbane,77,25.4,0.0,6,1,0,3,1031
2024-03-24,Perth,52,19.7,0.0,6,1,0,3,330
2024-03-24,Adelaide,57,19.2,10.1,6,1,0,3,407
2024-03-24,Canberra,93,22.6,8.0,6,1,0,3,171
2024-03-25,Sydney,140,20.5,5.5,0,0,0,3,2058
2024-03-25,Melbourne,129,19.7,0.0,0,0,0,3,1566
2024-03-25,Brisbane,121,20.2,0.0,0,0,0,3,1031
2024-03-25,Perth,86,23.2,0.0,0,0,0,3,330
2024-03-25,Adelaide,93,20.5,1.4,0,0,0,3,407
2024-03-25,Canberra,43,23.3,0.0,0,0,0,3,171
2024-03-26,Sydney,157,24.9,0.0,1,0,0,3,2058
2024-03-26,Melbourne,114,21.3,0.0,1,0,0,3,1566
2024-03-26,Brisbane,128,20.3,0.0,1,0,0,3,1031
2024-03-26,Perth,90,20.9,6.0,1,0,0,3,330
2024-03-26,Adelaide,73,23.9,4.4,1,0,0,3,407
2024-03-26,Canberra,59,24.2,7.6,1,0,0,3,171
2024-03-27,Sydney,187,19.4,4.2,2,0,0,3,2058
2024-03-27,Melbourne,153,20.6,10.0,2,0,0,3,1566
2024-03-27,Brisbane,97,21.5,5.5,2,0,0,3,1031
2024-03-27,Perth,76,20.5,0.0,2,0,0,3,330
2024-03-27,Adelaide,72,19.1,0.0,2,0,0,3,407
2024-03-27,Canberra,59,15.7,0.0,2,0,0,3,171
2024-03-28,Sydney,188,21.8,4.2,3,0,0,3,2058
2024-03-28,Melbourne,158,21.8,2.6,3,0,0,3,1566
2024-03-28,Brisbane,106,21.7,1.2,3,0,0,3,1031
2024-03-28,Perth,100,21.1,0.0,3,0,0,3,330
2024-03-28,Adelaide,85,25.0,0.0,3,0,0,3,407
2024-03-28,Canberra,51,28.2,0.4,3,0,0,3,171
2024-03-29,Sydney,70,24.7,0.0,4,0,1,3,2058
2024-03-29,Melbourne,53,22.6,0.0,4,0,1,3,1566
2024-03-29,Brisbane,39,21.8,0.0,4,0,1,3,1031
2024-03-29,Perth,40,27.3,0.0,4,0,1,3,330
2024-03-29,Adelaide,32,24.4,1.9,4,0,1,3,407
2024-03-29,Canberra,21,21.3,0.0,4,0,1,3,171
2024-03-30,Sydney,117,21.7,0.0,5,1,0,3,2058
2024-03-30,Melbourne,82,22.1,0.5,5,1,0,3,1566
2024-03-30,Brisbane,61,26.9,0.0,5,1,0,3,1031
2024-03-30,Perth,76,26.4,0.0,5,1,0,3,330
2024-03-30,Adelaide,50,23.7,1.5,5,1,0,3,407
2024-03-30,Canberra,39,23.0,0.0,5,1,0,3,171
2024-03-31,Sydney,166,17.8,2.5,6,1,0,3,2058
2024-03-31,Melbourne,105,24.0,0.0,6,1,0,3,1566
2024-03-31,Brisbane,68,24.1,0.0,6,1,0,3,1031
2024-03-31,Perth,62,19.4,0.0,6,1,0,3,330
2024-03-31,Adelaide,58,22.6,0.0,6,1,0,3,407
2024-03-31,Canberra,34,23.5,0.0,6,1,0,3,171
2024-04-01,Sydney,80,23.7,0.0,0,0,1,4,2058
2024-04-01,Melbourne,60,22.0,0.0,0,0,1,4,1566
2024-04-01,Brisbane,44,21.3,0.0,0,0,1,4,1031
2024-04-01,Perth,26,21.8,0.4,0,0,1,4,330
2024-04-01,Adelaide,31,22.8,0.0,0,0,1,4,407
2024-04-01,Canberra,21,23.5,1.5,0,0,1,4,171
2024-04-02,Sydney,161,22.3,0.0,1,0,0,4,2058
2024-04-02,Melbourne,130,25.1,0.0,1,0,0,4,1566
2024-04-02,Brisbane,72,20.7,0.1,1,0,0,4,1031
2024-04-02,Perth,91,21.6,4.7,1,0,0,4,330
2024-04-02,Adelaide,82,19.9,0.0,1,0,0,4,407
2024-04-02,Canberra,44,20.6,0.0,1,0,0,4,171
2024-04-03,Sydney,154,21.6,0.3,2,0,0,4,2058
2024-04-03,Melbourne,140,18.9,0.0,2,0,0,4,1566
2024-04-03,Brisbane,116,18.3,2.2,2,0,0,4,1031
2024-04-03,Perth,61,24.7,5.3,2,0,0,4,330
2024-04-03,Adelaide,68,20.4,0.0,2,0,0,4,407
2024-04-03,Canberra,53,24.1,0.0,2,0,0,4,171
2024-04-04,Sydney,183,24.1,0.0,3,0,0,4,2058
2024-04-04,Melbourne,136,22.8,0.0,3,0,0,4,1566
2024-04-04,Brisbane,100,24.0,0.0,3,0,0,4,1031
2024-04-04,Perth,76,24.9,0.0,3,0,0,4,330
2024-04-04,Adelaide,85,27.2,4.8,3,0,0,4,407
2024-04-04,Canberra,52,17.9,0.0,3,0,0,4,171
2024-04-05,Sydney,146,18.8,0.0,4,0,0,4,2058
2024-04-05,Melbourne,151,18.5,0.0,4,0,0,4,1566
2024-04-05,Brisbane,90,28.5,0.0,4,0,0,4,1031
2024-04-05,Perth,77,21.8,1.3,4,0,0,4,330
2024-04-05,Adelaide,80,20.1,0.0,4,0,0,4,407
2024-04-05,Canberra,58,22.1,4.0,4,0,0,4,171
2024-04-06,Sydney,124,24.7,0.6,5,1,0,4,2058
2024-04-06,Melbourne,91,24.2,4.5,5,1,0,4,1566
2024-04-06,Brisbane,104,20.6,1.2,5,1,0,4,1031
2024-04-06,Perth,86,20.5,0.0,5,1,0,4,330
2024-04-06,Adelaide,58,20.5,0.0,5,1,0,4,407
2024-04-06,Canberra,37,22.3,8.1,5,1,0,4,171
2024-04-07,Sydney,118,21.9,0.0,6,1,0,4,2058
2024-04-07,Melbourne,102,24.4,0.0,6,1,0,4,1566
2024-04-07,Brisbane,71,25.4,4.6,6,1,0,4,1031
2024-04-07,Perth,66,18.8,0.0,6,1,0,4,330
2024-04-07,Adelaide,69,24.0,0.0,6,1,0,4,407
2024-04-07,Canberra,38,24.1,0.0,6,1,0,4,171
2024-04-08,Sydney,131,20.9,1.0,0,0,0,4,2058
2024-04-08,Melbourne,329,25.0,0.4,0,0,0,4,1566
2024-04-08,Brisbane,100,21.1,0.0,0,0,0,4,1031
2024-04-08,Perth,83,20.4,0.0,0,0,0,4,330
2024-04-08,Adelaide,76,25.2,3.1,0,0,0,4,407
2024-04-08,Canberra,66,21.8,0.0,0,0,0,4,171
2024-04-09,Sydney,177,25.6,0.0,1,0,0,4,2058
2024-04-09,Melbourne,131,24.4,7.4,1,0,0,4,1566
2024-04-09,Brisbane,116,22.6,0.0,1,0,0,4,1031
2024-04-09,Perth,155,22.9,1.1,1,0,0,4,330
2024-04-09,Adelaide,86,23.9,0.0,1,0,0,4,407
2024-04-09,Canberra,59,24.1,0.0,1,0,0,4,171
2024-04-10,Sydney,276,23.4,3.4,2,0,0,4,2058
2024-04-10,Melbourne,165,15.9,4.2,2,0,0,4,1566
2024-04-10,Brisbane,82,22.9,0.1,2,0,0,4,1031
2024-04-10,Perth,80,22.0,0.0,2,0,0,4,330
2024-04-10,Adelaide,88,20.0,1.4,2,0,0,4,407
2024-04-10,Canberra,57,22.6,0.0,2,0,0,4,171
2024-04-11,Sydney,151,24.0,1.1,3,0,0,4,2058
2024-04-11,Melbourne,153,22.7,0.0,3,0,0,4,1566
2024-04-11,Brisbane,109,25.8,0.0,3,0,0,4,1031
2024-04-11,Perth,89,19.7,8.6,3,0,0,4,330
2024-04-11,Adelaide,58,22.8,0.0,3,0,0,4,407
2024-04-11,Canberra,51,24.1,1.3,3,0,0,4,171
2024-04-12,Sydney,172,19.7,0.0,4,0,0,4,2058
2024-04-12,Melbourne,152,19.2,0.0,4,0,0,4,1566
2024-04-12,Brisbane,125,21.6,2.6,4,0,0,4,1031
2024-04-12,Perth,95,19.4,0.0,4,0,0,4,330
2024-04-12,Adelaide,86,20.3,0.0,4,0,0,4,407
2024-04-12,Canberra,67,22.6,0.0,4,0,0,4,171
2024-04-13,Sydney,115,16.6,0.0,5,1,0,4,2058
2024-04-13,Melbourne,101,21.3,1.5,5,1,0,4,1566
2024-04-13,Brisbane,47,16.9,1.7,5,1,0,4,1031
2024-04-13,Perth,72,26.7,5.4,5,1,0,4,330
2024-04-13,Adelaide,55,28.8,3.4,5,1,0,4,407
2024-04-13,Canberra,42,20.5,0.0,5,1,0,4,171
2024-04-14,Sydney,104,23.5,0.1,6,1,0,4,2058
2024-04-14,Melbourne,94,24.9,0.7,6,1,0,4,1566
2024-04-14,Brisbane,87,20.7,5.8,6,1,0,4,1031
2024-04-14,Perth,78,24.5,3.8,6,1,0,4,330
2024-04-14,Adelaide,92,25.9,0.0,6,1,0,4,407
2024-04-14,Canberra,28,23.6,0.0,6,1,0,4,171
2024-04-15,Sydney,206,21.4,1.2,0,0,0,4,2058
2024-04-15,Melbourne,151,20.2,0.0,0,0,0,4,1566
2024-04-15,Brisbane,101,24.4,0.0,0,0,0,4,1031
2024-04-15,Perth,84,25.5,0.0,0,0,0,4,330
2024-04-15,Adelaide,77,22.1,0.4,0,0,0,4,407
2024-04-15,Canberra,42,19.9,0.0,0,0,0,4,171
2024-04-16,Sydney,123,25.6,0.0,1,0,0,4,2058
2024-04-16,Melbourne,185,21.0,0.0,1,0,0,4,1566
2024-04-16,Brisbane,155,20.9,0.0,1,0,0,4,1031
2024-04-16,Perth,70,21.2,6.2,1,0,0,4,330
2024-04-16,Adelaide,68,26.1,4.9,1,0,0,4,407
2024-04-16,Canberra,42,22.9,4.7,1,0,0,4,171
2024-04-17,Sydney,133,28.1,0.0,2,0,0,4,2058
2024-04-17,Melbourne,190,17.9,0.9,2,0,0,4,1566
2024-04-17,Brisbane,128,26.9,0.0,2,0,0,4,1031
2024-04-17,Perth,82,24.6,1.3,2,0,0,4,330
2024-04-17,Adelaide,96,16.9,2.4,2,0,0,4,407
2024-04-17,Canberra,60,20.5,2.8,2,0,0,4,171
2024-04-18,Sydney,163,25.5,10.8,3,0,0,4,2058
2024-04-18,Melbourne,170,22.9,0.0,3,0,0,4,1566
2024-04-18,Brisbane,83,17.6,2.1,3,0,0,4,1031
2024-04-18,Perth,122,22.1,0.0,3,0,0,4,330
2024-04-18,Adelaide,80,19.0,0.0,3,0,0,4,407
2024-04-18,Canberra,45,26.9,4.2,3,0,0,4,171
2024-04-19,Sydney,124,18.9,1.6,4,0,0,4,2058
2024-04-19,Melbourne,155,23.4,0.0,4,0,0,4,1566
2024-04-19,Brisbane,126,17.9,0.0,4,0,0,4,1031
2024-04-19,Perth,86,28.0,4.4,4,0,0,4,330
2024-04-19,Adelaide,73,26.0,3.1,4,0,0,4,407
2024-04-19,Canberra,51,23.8,0.0,4,0,0,4,171
2024-04-20,Sydney,111,20.6,2.6,5,1,0,4,2058
2024-04-20,Melbourne,100,17.2,0.0,5,1,0,4,1566
2024-04-20,Brisbane,74,19.8,0.0,5,1,0,4,1031
2024-04-20,Perth,49,23.5,0.0,5,1,0,4,330
2024-04-20,Adelaide,52,18.0,0.9,5,1,0,4,407
2024-04-20,Canberra,107,24.6,0.0,5,1,0,4,171
2024-04-21,Sydney,127,24.1,1.4,6,1,0,4,2058
2024-04-21,Melbourne,119,22.3,0.0,6,1,0,4,1566
2024-04-21,Brisbane,73,22.5,0.6,6,1,0,4,1031
2024-04-21,Perth,43,24.2,5.9,6,1,0,4,330
2024-04-21,Adelaide,63,28.7,0.0,6,1,0,4,407
2024-04-21,Canberra,40,27.5,12.0,6,1,0,4,171
2024-04-22,Sydney,163,24.2,0.0,0,0,0,4,2058
2024-04-22,Melbourne,135,23.3,0.0,0,0,0,4,1566
2024-04-22,Brisbane,81,23.9,3.6,0,0,0,4,1031
2024-04-22,Perth,90,22.2,0.0,0,0,0,4,330
2024-04-22,Adelaide,91,24.0,3.0,0,0,0,4,407
2024-04-22,Canberra,72,22.3,0.6,0,0,0,4,171
2024-04-23,Sydney,491,19.6,4.9,1,0,0,4,2058
2024-04-23,Melbourne,106,21.5,0.0,1,0,0,4,1566
2024-04-23,Brisbane,115,23.3,0.0,1,0,0,4,1031
2024-04-23,Perth,93,22.5,6.0,1,0,0,4,330
2024-04-23,Adelaide,88,22.9,0.6,1,0,0,4,407
2024-04-23,Canberra,59,23.9,0.0,1,0,0,4,171
2024-04-24,Sydney,315,23.0,0.0,2,0,0,4,2058
2024-04-24,Melbourne,156,20.9,0.0,2,0,0,4,1566
2024-04-24,Brisbane,119,24.1,0.0,2,0,0,4,1031
2024-04-24,Perth,119,22.8,0.0,2,0,0,4,330
2024-04-24,Adelaide,100,18.8,4.1,2,0,0,4,407
2024-04-24,Canberra,58,22.1,0.0,2,0,0,4,171
2024-04-25,Sydney,75,23.9,0.0,3,0,1,4,2058
2024-04-25,Melbourne,64,25.1,0.0,3,0,1,4,1566
2024-04-25,Brisbane,50,22.9,0.0,3,0,1,4,1031
2024-04-25,Perth,36,17.7,2.8,3,0,1,4,330
2024-04-25,Adelaide,27,25.0,0.0,3,0,1,4,407
2024-04-25,Canberra,23,29.0,10.3,3,0,1,4,171
2024-04-26,Sydney,184,17.5,3.8,4,0,0,4,2058
2024-04-26,Melbourne,159,21.6,0.0,4,0,0,4,1566
2024-04-26,Brisbane,135,24.1,6.8,4,0,0,4,1031
2024-04-26,Perth,93,22.7,0.0,4,0,0,4,330
2024-04-26,Adelaide,91,20.5,0.0,4,0,0,4,407
2024-04-26,Canberra,44,24.2,2.2,4,0,0,4,171
2024-04-27,Sydney,125,26.1,0.0,5,1,0,4,2058
2024-04-27,Melbourne,99,25.8,1.9,5,1,0,4,1566
2024-04-27,Brisbane,91,20.4,0.2,5,1,0,4,1031
2024-04-27,Perth,68,20.8,7.3,5,1,0,4,330
2024-04-27,Adelaide,64,21.9,0.0,5,1,0,4,407
2024-04-27,Canberra,37,23.7,4.7,5,1,0,4,171
2024-04-28,Sydney,127,20.3,2.4,6,1,0,4,2058
2024-04-28,Melbourne,108,15.7,5.6,6,1,0,4,1566
2024-04-28,Brisbane,101,18.2,8.1,6,1,0,4,1031
2024-04-28,Perth,58,21.4,0.2,6,1,0,4,330
2024-04-28,Adelaide,56,22.1,1.3,6,1,0,4,407
2024-04-28,Canberra,52,26.0,0.0,6,1,0,4,171
2024-04-29,Sydney,159,21.5,0.0,0,0,0,4,2058
2024-04-29,Melbourne,350,21.2,0.6,0,0,0,4,1566
2024-04-29,Brisbane,149,25.3,0.0,0,0,0,4,1031
2024-04-29,Perth,120,23.4,0.0,0,0,0,4,330
2024-04-29,Adelaide,85,17.9,0.0,0,0,0,4,407
2024-04-29,Canberra,50,20.6,4.7,0,0,0,4,171
2024-04-30,Sydney,146,21.2,0.0,1,0,0,4,2058
2024-04-30,Melbourne,158,19.2,0.4,1,0,0,4,1566
2024-04-30,Brisbane,127,23.5,0.0,1,0,0,4,1031
2024-04-30,Perth,107,17.9,4.5,1,0,0,4,330
2024-04-30,Adelaide,76,20.8,1.2,1,0,0,4,407
2024-04-30,Canberra,74,23.3,0.0,1,0,0,4,171
2024-05-01,Sydney,170,21.5,0.0,2,0,0,5,2058
2024-05-01,Melbourne,153,22.8,0.0,2,0,0,5,1566
2024-05-01,Brisbane,140,19.6,0.0,2,0,0,5,1031
2024-05-01,Perth,113,19.5,0.0,2,0,0,5,330
2024-05-01,Adelaide,66,22.5,0.8,2,0,0,5,407
2024-05-01,Canberra,43,23.3,0.0,2,0,0,5,171
2024-05-02,Sydney,170,26.6,0.0,3,0,0,5,2058
2024-05-02,Melbourne,151,24.6,0.0,3,0,0,5,1566
2024-05-02,Brisbane,119,19.5,1.5,3,0,0,5,1031
2024-05-02,Perth,82,21.4,0.0,3,0,0,5,330
2024-05-02,Adelaide,69,20.1,0.0,3,0,0,5,407
2024-05-02,Canberra,62,21.2,0.0,3,0,0,5,171
2024-05-03,Sydney,184,20.5,0.0,4,0,0,5,2058
2024-05-03,Melbourne,117,21.8,0.8,4,0,0,5,1566
2024-05-03,Brisbane,138,22.3,0.0,4,0,0,5,1031
2024-05-03,Perth,107,22.7,1.3,4,0,0,5,330
2024-05-03,Adelaide,87,26.1,1.3,4,0,0,5,407
2024-05-03,Canberra,70,18.7,2.5,4,0,0,5,171
2024-05-04,Sydney,126,23.7,0.0,5,1,0,5,2058
2024-05-04,Melbourne,111,19.0,0.1,5,1,0,5,1566
2024-05-04,Brisbane,85,17.8,3.0,5,1,0,5,1031
2024-05-04,Perth,61,17.5,0.0,5,1,0,5,330
2024-05-04,Adelaide,62,26.7,0.8,5,1,0,5,407
2024-05-04,Canberra,45,23.9,0.0,5,1,0,5,171
2024-05-05,Sydney,116,21.8,0.0,6,1,0,5,2058
2024-05-05,Melbourne,249,21.4,0.0,6,1,0,5,1566
2024-05-05,Brisbane,60,24.1,0.0,6,1,0,5,1031
2024-05-05,Perth,70,22.4,0.0,6,1,0,5,330
2024-05-05,Adelaide,40,20.3,12.3,6,1,0,5,407
2024-05-05,Canberra,41,21.9,0.0,6,1,0,5,171
2024-05-06,Sydney,185,17.3,0.0,0,0,0,5,2058
2024-05-06,Melbourne,158,23.2,0.0,0,0,0,5,1566
2024-05-06,Brisbane,106,18.1,0.0,0,0,0,5,1031
2024-05-06,Perth,91,20.4,2.1,0,0,0,5,330
2024-05-06,Adelaide,101,27.6,2.0,0,0,0,5,407
2024-05-06,Canberra,62,21.0,2.4,0,0,0,5,171
2024-05-07,Sydney,166,23.0,7.2,1,0,0,5,2058
2024-05-07,Melbourne,154,22.9,0.0,1,0,0,5,1566
2024-05-07,Brisbane,136,19.8,0.8,1,0,0,5,1031
2024-05-07,Perth,118,19.2,0.0,1,0,0,5,330
2024-05-07,Adelaide,69,21.2,0.0,1,0,0,5,407
2024-05-07,Canberra,127,25.2,0.0,1,0,0,5,171
2024-05-08,Sydney,183,19.9,0.0,2,0,0,5,2058
2024-05-08,Melbourne,183,27.5,0.0,2,0,0,5,1566
2024-05-08,Brisbane,148,18.5,1.2,2,0,0,5,1031
2024-05-08,Perth,111,22.8,1.7,2,0,0,5,330
2024-05-08,Adelaide,85,17.8,0.0,2,0,0,5,407
2024-05-08,Canberra,55,20.8,0.0,2,0,0,5,171
2024-05-09,Sydney,185,25.1,0.0,3,0,0,5,2058
2024-05-09,Melbourne,136,20.2,0.0,3,0,0,5,1566
2024-05-09,Brisbane,111,21.5,3.3,3,0,0,5,1031
2024-05-09,Perth,115,19.0,0.0,3,0,0,5,330
2024-05-09,Adelaide,84,15.0,0.0,3,0,0,5,407
2024-05-09,Canberra,58,22.9,0.0,3,0,0,5,171
2024-05-10,Sydney,105,26.7,10.7,4,0,0,5,2058
2024-05-10,Melbourne,288,28.3,4.6,4,0,0,5,1566
2024-05-10,Brisbane,112,26.4,0.0,4,0,0,5,1031
2024-05-10,Perth,99,18.9,0.0,4,0,0,5,330
2024-05-10,Adelaide,101,22.6,0.0,4,0,0,5,407
2024-05-10,Canberra,70,26.5,3.9,4,0,0,5,171
2024-05-11,Sydney,115,23.2,3.4,5,1,0,5,2058
2024-05-11,Melbourne,87,27.8,3.0,5,1,0,5,1566
2024-05-11,Brisbane,101,21.7,0.0,5,1,0,5,1031
2024-05-11,Perth,69,17.2,3.5,5,1,0,5,330
2024-05-11,Adelaide,71,20.3,3.4,5,1,0,5,407
2024-05-11,Canberra,38,17.2,0.0,5,1,0,5,171
2024-05-12,Sydney,162,26.7,0.1,6,1,0,5,2058
2024-05-12,Melbourne,82,23.5,5.3,6,1,0,5,1566
2024-05-12,Brisbane,91,20.6,0.0,6,1,0,5,1031
2024-05-12,Perth,81,24.0,0.0,6,1,0,5,330
2024-05-12,Adelaide,56,20.5,0.0,6,1,0,5,407
2024-05-12,Canberra,44,22.3,0.0,6,1,0,5,171
2024-05-13,Sydney,163,21.3,0.0,0,0,0,5,2058
2024-05-13,Melbourne,165,24.0,0.0,0,0,0,5,1566
2024-05-13,Brisbane,109,18.6,1.4,0,0,0,5,1031
2024-05-13,Perth,99,20.1,0.0,0,0,0,5,330
2024-05-13,Adelaide,185,23.2,4.2,0,0,0,5,407
2024-05-13,Canberra,54,27.3,1.6,0,0,0,5,171
2024-05-14,Sydney,177,28.8,0.0,1,0,0,5,2058
2024-05-14,Melbourne,132,20.2,0.0,1,0,0,5,1566
2024-05-14,Brisbane,119,25.7,4.8,1,0,0,5,1031
2024-05-14,Perth,68,20.5,4.1,1,0,0,5,330
2024-05-14,Adelaide,70,22.7,0.0,1,0,0,5,407
2024-05-14,Canberra,55,17.0,0.0,1,0,0,5,171
2024-05-15,Sydney,155,28.3,1.6,2,0,0,5,2058
2024-05-15,Melbourne,192,23.4,7.1,2,0,0,5,1566
2024-05-15,Brisbane,142,23.4,0.0,2,0,0,5,1031
2024-05-15,Perth,117,26.6,4.0,2,0,0,5,330
2024-05-15,Adelaide,127,22.5,8.1,2,0,0,5,407
2024-05-15,Canberra,68,18.7,0.0,2,0,0,5,171
2024-05-16,Sydney,227,28.6,0.0,3,0,0,5,2058
2024-05-16,Melbourne,188,22.3,0.0,3,0,0,5,1566
2024-05-16,Brisbane,119,22.8,0.0,3,0,0,5,1031
2024-05-16,Perth,98,21.5,0.3,3,0,0,5,330
2024-05-16,Adelaide,49,14.7,0.0,3,0,0,5,407
2024-05-16,Canberra,68,22.2,0.4,3,0,0,5,171
2024-05-17,Sydney,174,19.3,0.0,4,0,0,5,2058
2024-05-17,Melbourne,162,23.1,0.0,4,0,0,5,1566
2024-05-17,Brisbane,125,22.7,0.0,4,0,0,5,1031
2024-05-17,Perth,92,24.5,0.0,4,0,0,5,330
2024-05-17,Adelaide,102,22.6,0.0,4,0,0,5,407
2024-05-17,Canberra,55,19.1,0.1,4,0,0,5,171
2024-05-18,Sydney,141,21.3,0.7,5,1,0,5,2058
2024-05-18,Melbourne,80,21.9,1.0,5,1,0,5,1566
2024-05-18,Brisbane,111,21.8,2.2,5,1,0,5,1031
2024-05-18,Perth,65,22.1,0.0,5,1,0,5,330
2024-05-18,Adelaide,53,13.9,4.1,5,1,0,5,407
2024-05-18,Canberra,48,20.4,0.0,5,1,0,5,171
2024-05-19,Sydney,113,19.1,0.0,6,1,0,5,2058
2024-05-19,Melbourne,131,18.6,0.0,6,1,0,5,1566
2024-05-19,Brisbane,87,21.1,0.0,6,1,0,5,1031
2024-05-19,Perth,84,24.2,0.0,6,1,0,5,330
2024-05-19,Adelaide,129,18.0,2.7,6,1,0,5,407
2024-05-19,Canberra,41,21.2,0.0,6,1,0,5,171
2024-05-20,Sydney,198,19.3,0.0,0,0,0,5,2058
2024-05-20,Melbourne,129,23.4,0.0,0,0,0,5,1566
2024-05-20,Brisbane,126,25.5,0.0,0,0,0,5,1031
2024-05-20,Perth,99,19.7,8.7,0,0,0,5,330
2024-05-20,Adelaide,84,23.0,0.0,0,0,0,5,407
2024-05-20,Canberra,70,16.5,0.0,0,0,0,5,171
2024-05-21,Sydney,160,22.7,0.0,1,0,0,5,2058
2024-05-21,Melbourne,353,26.1,0.0,1,0,0,5,1566
2024-05-21,Brisbane,115,24.0,1.8,1,0,0,5,1031
2024-05-21,Perth,94,20.3,0.0,1,0,0,5,330
2024-05-21,Adelaide,92,20.7,5.4,1,0,0,5,407
2024-05-21,Canberra,68,21.2,5.3,1,0,0,5,171
2024-05-22,Sydney,212,20.2,0.0,2,0,0,5,2058
2024-05-22,Melbourne,214,24.8,0.0,2,0,0,5,1566
2024-05-22,Brisbane,133,26.1,0.0,2,0,0,5,1031
2024-05-22,Perth,113,25.5,0.0,2,0,0,5,330
2024-05-22,Adelaide,99,14.7,0.0,2,0,0,5,407
2024-05-22,Canberra,58,28.4,0.0,2,0,0,5,171
2024-05-23,Sydney,159,21.5,5.6,3,0,0,5,2058
2024-05-23,Melbourne,167,22.7,2.5,3,0,0,5,1566
2024-05-23,Brisbane,106,22.6,1.2,3,0,0,5,1031
2024-05-23,Perth,79,19.9,0.0,3,0,0,5,330
2024-05-23,Adelaide,91,23.3,0.0,3,0,0,5,407
2024-05-23,Canberra,49,19.1,2.4,3,0,0,5,171
2024-05-24,Sydney,216,23.5,0.0,4,0,0,5,2058
2024-05-24,Melbourne,150,21.0,0.6,4,0,0,5,1566
2024-05-24,Brisbane,160,19.3,0.9,4,0,0,5,1031
2024-05-24,Perth,79,30.3,3.0,4,0,0,5,330
2024-05-24,Adelaide,95,12.2,0.0,4,0,0,5,407
2024-05-24,Canberra,81,24.8,0.0,4,0,0,5,171
2024-05-25,Sydney,173,23.3,0.0,5,1,0,5,2058
2024-05-25,Melbourne,139,21.2,0.9,5,1,0,5,1566
2024-05-25,Brisbane,79,25.2,0.0,5,1,0,5,1031
2024-05-25,Perth,87,28.1,0.0,5,1,0,5,330
2024-05-25,Adelaide,44,24.5,0.0,5,1,0,5,407
2024-05-25,Canberra,44,23.9,0.0,5,1,0,5,171
2024-05-26,Sydney,109,23.9,11.6,6,1,0,5,2058
2024-05-26,Melbourne,132,26.7,0.0,6,1,0,5,1566
2024-05-26,Brisbane,104,17.1,0.0,6,1,0,5,1031
2024-05-26,Perth,56,18.4,0.4,6,1,0,5,330
2024-05-26,Adelaide,65,22.7,2.7,6,1,0,5,407
2024-05-26,Canberra,38,21.4,6.7,6,1,0,5,171
2024-05-27,Sydney,193,19.2,0.6,0,0,0,5,2058
2024-05-27,Melbourne,168,24.4,0.0,0,0,0,5,1566
2024-05-27,Brisbane,98,21.6,0.0,0,0,0,5,1031
2024-05-27,Perth,87,21.4,0.0,0,0,0,5,330
2024-05-27,Adelaide,158,18.6,0.0,0,0,0,5,407
2024-05-27,Canberra,75,27.3,3.8,0,0,0,5,171
2024-05-28,Sydney,157,25.2,6.3,1,0,0,5,2058
2024-05-28,Melbourne,147,19.7,0.6,1,0,0,5,1566
2024-05-28,Brisbane,92,25.2,0.3,1,0,0,5,1031
2024-05-28,Perth,104,23.6,0.0,1,0,0,5,330
2024-05-28,Adelaide,94,19.7,0.0,1,0,0,5,407
2024-05-28,Canberra,60,18.2,0.0,1,0,0,5,171
2024-05-29,Sydney,206,25.9,0.0,2,0,0,5,2058
2024-05-29,Melbourne,215,16.4,0.3,2,0,0,5,1566
2024-05-29,Brisbane,98,22.2,0.0,2,0,0,5,1031
2024-05-29,Perth,129,20.2,0.5,2,0,0,5,330
2024-05-29,Adelaide,78,25.2,0.0,2,0,0,5,407
2024-05-29,Canberra,63,23.2,1.5,2,0,0,5,171
2024-05-30,Sydney,181,20.4,0.0,3,0,0,5,2058
2024-05-30,Melbourne,172,24.8,1.8,3,0,0,5,1566
2024-05-30,Brisbane,108,23.1,0.0,3,0,0,5,1031
2024-05-30,Perth,106,28.0,5.3,3,0,0,5,330
2024-05-30,Adelaide,94,18.2,0.0,3,0,0,5,407
2024-05-30,Canberra,60,23.3,4.1,3,0,0,5,171
2024-05-31,Sydney,274,26.2,0.0,4,0,0,5,2058
2024-05-31,Melbourne,126,21.8,1.1,4,0,0,5,1566
2024-05-31,Brisbane,105,22.0,3.3,4,0,0,5,1031
2024-05-31,Perth,92,18.7,2.3,4,0,0,5,330
2024-05-31,Adelaide,80,24.8,0.0,4,0,0,5,407
2024-05-31,Canberra,72,18.0,0.0,4,0,0,5,171
2024-06-01,Sydney,157,15.9,1.0,5,1,0,6,2058
2024-06-01,Melbourne,123,14.6,5.2,5,1,0,6,1566
2024-06-01,Brisbane,86,19.6,7.5,5,1,0,6,1031
2024-06-01,Perth,52,9.3,0.0,5,1,0,6,330
2024-06-01,Adelaide,67,17.2,2.5,5,1,0,6,407
2024-06-01,Canberra,48,10.5,20.3,5,1,0,6,171
2024-06-02,Sydney,89,15.3,0.0,6,1,0,6,2058
2024-06-02,Melbourne,137,17.5,0.0,6,1,0,6,1566
2024-06-02,Brisbane,117,6.6,0.0,6,1,0,6,1031
2024-06-02,Perth,67,20.2,0.0,6,1,0,6,330
2024-06-02,Adelaide,64,14.5,0.1,6,1,0,6,407
2024-06-02,Canberra,37,14.8,0.0,6,1,0,6,171
2024-06-03,Sydney,217,13.5,0.0,0,0,0,6,2058
2024-06-03,Melbourne,182,16.9,3.3,0,0,0,6,1566
2024-06-03,Brisbane,147,16.1,4.1,0,0,0,6,1031
2024-06-03,Perth,104,17.3,0.0,0,0,0,6,330
2024-06-03,Adelaide,99,19.1,4.0,0,0,0,6,407
2024-06-03,Canberra,106,13.7,1.5,0,0,0,6,171
2024-06-04,Sydney,125,15.7,1.5,1,0,0,6,2058
2024-06-04,Melbourne,166,14.7,0.9,1,0,0,6,1566
2024-06-04,Brisbane,127,15.4,3.5,1,0,0,6,1031
2024-06-04,Perth,106,14.2,7.8,1,0,0,6,330
2024-06-04,Adelaide,90,18.7,0.0,1,0,0,6,407
2024-06-04,Canberra,58,13.4,0.0,1,0,0,6,171
2024-06-05,Sydney,162,14.6,2.8,2,0,0,6,2058
2024-06-05,Melbourne,128,12.3,0.0,2,0,0,6,1566
2024-06-05,Brisbane,120,20.8,6.4,2,0,0,6,1031
2024-06-05,Perth,100,18.5,0.0,2,0,0,6,330
2024-06-05,Adelaide,99,13.6,0.0,2,0,0,6,407
2024-06-05,Canberra,44,11.1,12.2,2,0,0,6,171
2024-06-06,Sydney,236,13.1,0.0,3,0,0,6,2058
2024-06-06,Melbourne,167,22.6,0.0,3,0,0,6,1566
2024-06-06,Brisbane,115,15.7,11.4,3,0,0,6,1031
2024-06-06,Perth,126,15.2,1.5,3,0,0,6,330
2024-06-06,Adelaide,103,12.6,5.1,3,0,0,6,407
2024-06-06,Canberra,65,13.1,0.0,3,0,0,6,171
2024-06-07,Sydney,188,17.6,0.0,4,0,0,6,2058
2024-06-07,Melbourne,151,18.5,15.8,4,0,0,6,1566
2024-06-07,Brisbane,119,16.8,0.0,4,0,0,6,1031
2024-06-07,Perth,109,13.7,8.4,4,0,0,6,330
2024-06-07,Adelaide,84,22.2,3.9,4,0,0,6,407
2024-06-07,Canberra,58,14.3,0.3,4,0,0,6,171
2024-06-08,Sydney,156,13.9,0.0,5,1,0,6,2058
2024-06-08,Melbourne,86,14.2,1.3,5,1,0,6,1566
2024-06-08,Brisbane,160,15.4,1.9,5,1,0,6,1031
2024-06-08,Perth,87,12.6,0.0,5,1,0,6,330
2024-06-08,Adelaide,48,7.9,0.0,5,1,0,6,407
2024-06-08,Canberra,50,15.5,0.0,5,1,0,6,171
2024-06-09,Sydney,101,17.9,0.0,6,1,0,6,2058
2024-06-09,Melbourne,104,15.5,0.0,6,1,0,6,1566
2024-06-09,Brisbane,121,13.4,0.0,6,1,0,6,1031
2024-06-09,Perth,74,12.6,0.0,6,1,0,6,330
2024-06-09,Adelaide,61,13.2,0.0,6,1,0,6,407
2024-06-09,Canberra,45,14.9,0.0,6,1,0,6,171
2024-06-10,Sydney,95,13.0,3.8,0,0,1,6,2058
2024-06-10,Melbourne,62,20.4,0.0,0,0,1,6,1566
2024-06-10,Brisbane,53,12.7,0.0,0,0,1,6,1031
2024-06-10,Perth,39,13.1,0.0,0,0,1,6,330
2024-06-10,Adelaide,29,19.1,1.1,0,0,1,6,407
2024-06-10,Canberra,27,18.4,0.5,0,0,1,6,171
2024-06-11,Sydney,195,15.8,6.6,1,0,0,6,2058
2024-06-11,Melbourne,167,15.3,7.5,1,0,0,6,1566
2024-06-11,Brisbane,124,13.1,2.2,1,0,0,6,1031
2024-06-11,Perth,93,17.9,1.4,1,0,0,6,330
2024-06-11,Adelaide,108,20.7,1.0,1,0,0,6,407
2024-06-11,Canberra,76,12.3,0.0,1,0,0,6,171
2024-06-12,Sydney,167,10.8,1.4,2,0,0,6,2058
2024-06-12,Melbourne,339,14.4,0.0,2,0,0,6,1566
2024-06-12,Brisbane,140,14.4,0.0,2,0,0,6,1031
2024-06-12,Perth,89,19.9,0.0,2,0,0,6,330
2024-06-12,Adelaide,63,11.1,7.3,2,0,0,6,407
2024-06-12,Canberra,52,16.0,0.3,2,0,0,6,171
2024-06-13,Sydney,195,11.8,2.7,3,0,0,6,2058
2024-06-13,Melbourne,112,17.9,11.3,3,0,0,6,1566
2024-06-13,Brisbane,135,11.9,0.0,3,0,0,6,1031
2024-06-13,Perth,151,14.8,12.4,3,0,0,6,330
2024-06-13,Adelaide,101,18.5,0.0,3,0,0,6,407
2024-06-13,Canberra,64,18.1,0.0,3,0,0,6,171
2024-06-14,Sydney,154,18.5,0.0,4,0,0,6,2058
2024-06-14,Melbourne,138,14.3,0.0,4,0,0,6,1566
2024-06-14,Brisbane,82,18.6,1.3,4,0,0,6,1031
2024-06-14,Perth,93,15.6,4.9,4,0,0,6,330
2024-06-14,Adelaide,82,17.0,15.3,4,0,0,6,407
2024-06-14,Canberra,56,15.2,6.3,4,0,0,6,171
2024-06-15,Sydney,149,13.7,3.9,5,1,0,6,2058
2024-06-15,Melbourne,122,19.2,0.0,5,1,0,6,1566
2024-06-15,Brisbane,75,14.2,0.0,5,1,0,6,1031
2024-06-15,Perth,90,10.3,8.8,5,1,0,6,330
2024-06-15,Adelaide,73,15.0,2.8,5,1,0,6,407
2024-06-15,Canberra,43,16.6,0.0,5,1,0,6,171
2024-06-16,Sydney,126,19.7,0.0,6,1,0,6,2058
2024-06-16,Melbourne,132,13.7,6.8,6,1,0,6,1566
2024-06-16,Brisbane,86,15.9,5.9,6,1,0,6,1031
2024-06-16,Perth,63,15.2,0.5,6,1,0,6,330
2024-06-16,Adelaide,60,14.5,0.9,6,1,0,6,407
2024-06-16,Canberra,44,16.4,1.9,6,1,0,6,171
2024-06-17,Sydney,184,15.4,0.0,0,0,0,6,2058
2024-06-17,Melbourne,209,16.9,0.0,0,0,0,6,1566
2024-06-17,Brisbane,147,13.5,0.0,0,0,0,6,1031
2024-06-17,Perth,106,16.9,0.0,0,0,0,6,330
2024-06-17,Adelaide,96,10.2,0.0,0,0,0,6,407
2024-06-17,Canberra,56,19.7,0.0,0,0,0,6,171
2024-06-18,Sydney,129,18.7,13.6,1,0,0,6,2058
2024-06-18,Melbourne,176,17.8,0.0,1,0,0,6,1566
2024-06-18,Brisbane,147,16.1,0.0,1,0,0,6,1031
2024-06-18,Perth,127,12.2,0.0,1,0,0,6,330
2024-06-18,Adelaide,69,14.5,3.5,1,0,0,6,407
2024-06-18,Canberra,55,12.9,0.0,1,0,0,6,171
2024-06-19,Sydney,195,17.3,0.0,2,0,0,6,2058
2024-06-19,Melbourne,295,11.9,8.9,2,0,0,6,1566
2024-06-19,Brisbane,120,15.4,0.2,2,0,0,6,1031
2024-06-19,Perth,128,14.5,5.3,2,0,0,6,330
2024-06-19,Adelaide,100,17.8,8.3,2,0,0,6,407
2024-06-19,Canberra,144,12.7,0.0,2,0,0,6,171
2024-06-20,Sydney,135,17.2,3.1,3,0,0,6,2058
2024-06-20,Melbourne,119,15.9,15.6,3,0,0,6,1566
2024-06-20,Brisbane,132,17.6,0.0,3,0,0,6,1031
2024-06-20,Perth,106,10.7,7.3,3,0,0,6,330
2024-06-20,Adelaide,67,19.0,0.2,3,0,0,6,407
2024-06-20,Canberra,54,12.4,0.0,3,0,0,6,171
2024-06-21,Sydney,177,12.0,0.0,4,0,0,6,2058
2024-06-21,Melbourne,137,10.8,0.2,4,0,0,6,1566
2024-06-21,Brisbane,148,14.2,4.1,4,0,0,6,1031
2024-06-21,Perth,96,13.4,1.4,4,0,0,6,330
2024-06-21,Adelaide,75,20.2,0.0,4,0,0,6,407
2024-06-21,Canberra,66,17.9,0.0,4,0,0,6,171
2024-06-22,Sydney,169,14.7,3.2,5,1,0,6,2058
2024-06-22,Melbourne,113,16.3,20.4,5,1,0,6,1566
2024-06-22,Brisbane,67,15.1,15.9,5,1,0,6,1031
2024-06-22,Perth,51,21.1,0.0,5,1,0,6,330
2024-06-22,Adelaide,57,18.4,3.4,5,1,0,6,407
2024-06-22,Canberra,46,17.4,13.7,5,1,0,6,171
2024-06-23,Sydney,124,16.4,2.2,6,1,0,6,2058
2024-06-23,Melbourne,117,13.8,0.0,6,1,0,6,1566
2024-06-23,Brisbane,108,12.6,5.6,6,1,0,6,1031
2024-06-23,Perth,77,18.9,0.0,6,1,0,6,330
2024-06-23,Adelaide,55,15.9,3.8,6,1,0,6,407
2024-06-23,Canberra,49,17.1,0.0,6,1,0,6,171
2024-06-24,Sydney,201,14.4,1.6,0,0,0,6,2058
2024-06-24,Melbourne,211,14.4,0.0,0,0,0,6,1566
2024-06-24,Brisbane,135,16.5,1.6,0,0,0,6,1031
2024-06-24,Perth,193,15.0,3.8,0,0,0,6,330
2024-06-24,Adelaide,79,15.6,2.1,0,0,0,6,407
2024-06-24,Canberra,67,15.2,1.5,0,0,0,6,171
2024-06-25,Sydney,229,8.1,0.0,1,0,0,6,2058
2024-06-25,Melbourne,151,18.5,7.7,1,0,0,6,1566
2024-06-25,Brisbane,94,15.2,0.0,1,0,0,6,1031
2024-06-25,Perth,86,15.2,0.4,1,0,0,6,330
2024-06-25,Adelaide,99,11.3,0.0,1,0,0,6,407
2024-06-25,Canberra,68,18.7,11.8,1,0,0,6,171
2024-06-26,Sydney,179,15.5,0.8,2,0,0,6,2058
2024-06-26,Melbourne,170,16.2,0.0,2,0,0,6,1566
2024-06-26,Brisbane,135,12.9,13.7,2,0,0,6,1031
2024-06-26,Perth,110,9.9,0.0,2,0,0,6,330
2024-06-26,Adelaide,76,14.3,9.6,2,0,0,6,407
2024-06-26,Canberra,61,11.8,7.1,2,0,0,6,171
2024-06-27,Sydney,191,15.0,1.8,3,0,0,6,2058
2024-06-27,Melbourne,148,10.4,4.1,3,0,0,6,1566
2024-06-27,Brisbane,141,10.3,0.0,3,0,0,6,1031
2024-06-27,Perth,110,8.9,0.0,3,0,0,6,330
2024-06-27,Adelaide,70,15.5,4.3,3,0,0,6,407
2024-06-27,Canberra,71,14.1,0.0,3,0,0,6,171
2024-06-28,Sydney,250,13.8,0.0,4,0,0,6,2058
2024-06-28,Melbourne,156,10.3,0.0,4,0,0,6,1566
2024-06-28,Brisbane,135,18.0,0.0,4,0,0,6,1031
2024-06-28,Perth,72,21.5,1.0,4,0,0,6,330
2024-06-28,Adelaide,100,19.1,0.0,4,0,0,6,407
2024-06-28,Canberra,48,14.5,0.0,4,0,0,6,171
2024-06-29,Sydney,142,15.1,0.0,5,1,0,6,2058
2024-06-29,Melbourne,109,15.7,0.0,5,1,0,6,1566
2024-06-29,Brisbane,100,11.9,0.0,5,1,0,6,1031
2024-06-29,Perth,75,11.6,0.0,5,1,0,6,330
2024-06-29,Adelaide,69,19.1,1.6,5,1,0,6,407
2024-06-29,Canberra,51,13.0,0.0,5,1,0,6,171
2024-06-30,Sydney,159,12.9,0.8,6,1,0,6,2058
2024-06-30,Melbourne,119,14.4,0.0,6,1,0,6,1566
2024-06-30,Brisbane,69,11.9,0.0,6,1,0,6,1031
2024-06-30,Perth,73,13.2,0.0,6,1,0,6,330
2024-06-30,Adelaide,60,17.1,0.0,6,1,0,6,407
2024-06-30,Canberra,40,12.2,12.5,6,1,0,6,171
2024-07-01,Sydney,191,9.7,0.0,0,0,0,7,2058
2024-07-01,Melbourne,167,11.8,12.1,0,0,0,7,1566
2024-07-01,Brisbane,96,15.0,0.9,0,0,0,7,1031
2024-07-01,Perth,95,15.6,0.0,0,0,0,7,330
2024-07-01,Adelaide,111,6.2,3.5,0,0,0,7,407
2024-07-01,Canberra,67,17.2,1.7,0,0,0,7,171
2024-07-02,Sydney,215,16.9,4.7,1,0,0,7,2058
2024-07-02,Melbourne,176,20.5,7.0,1,0,0,7,1566
2024-07-02,Brisbane,137,12.6,5.2,1,0,0,7,1031
2024-07-02,Perth,99,14.4,0.0,1,0,0,7,330
2024-07-02,Adelaide,86,14.8,0.0,1,0,0,7,407
2024-07-02,Canberra,55,15.5,10.0,1,0,0,7,171
2024-07-03,Sydney,196,17.3,0.0,2,0,0,7,2058
2024-07-03,Melbourne,222,18.8,0.8,2,0,0,7,1566
2024-07-03,Brisbane,122,17.0,27.2,2,0,0,7,1031
2024-07-03,Perth,114,15.5,0.0,2,0,0,7,330
2024-07-03,Adelaide,63,16.4,13.7,2,0,0,7,407
2024-07-03,Canberra,64,15.5,0.0,2,0,0,7,171
2024-07-04,Sydney,173,15.2,5.8,3,0,0,7,2058
2024-07-04,Melbourne,142,12.0,0.0,3,0,0,7,1566
2024-07-04,Brisbane,102,12.9,8.1,3,0,0,7,1031
2024-07-04,Perth,98,13.2,7.7,3,0,0,7,330
2024-07-04,Adelaide,118,14.4,0.0,3,0,0,7,407
2024-07-04,Canberra,53,17.2,0.0,3,0,0,7,171
2024-07-05,Sydney,189,15.7,0.0,4,0,0,7,2058
2024-07-05,Melbourne,150,13.3,3.2,4,0,0,7,1566
2024-07-05,Brisbane,124,12.7,0.0,4,0,0,7,1031
2024-07-05,Perth,107,10.8,0.9,4,0,0,7,330
2024-07-05,Adelaide,85,16.6,0.0,4,0,0,7,407
2024-07-05,Canberra,73,13.0,0.0,4,0,0,7,171
2024-07-06,Sydney,122,12.6,2.9,5,1,0,7,2058
2024-07-06,Melbourne,108,19.1,0.0,5,1,0,7,1566
2024-07-06,Brisbane,83,13.1,0.0,5,1,0,7,1031
2024-07-06,Perth,59,17.9,3.9,5,1,0,7,330
2024-07-06,Adelaide,148,16.9,0.6,5,1,0,7,407
2024-07-06,Canberra,35,15.3,0.0,5,1,0,7,171
2024-07-07,Sydney,145,15.2,2.2,6,1,0,7,2058
2024-07-07,Melbourne,238,21.5,0.0,6,1,0,7,1566
2024-07-07,Brisbane,84,15.7,0.4,6,1,0,7,1031
2024-07-07,Perth,87,17.6,0.0,6,1,0,7,330
2024-07-07,Adelaide,57,14.4,0.0,6,1,0,7,407
2024-07-07,Canberra,47,17.6,0.0,6,1,0,7,171
2024-07-08,Sydney,186,15.1,10.7,0,0,0,7,2058
2024-07-08,Melbourne,174,10.4,0.0,0,0,0,7,1566
2024-07-08,Brisbane,144,18.2,3.2,0,0,0,7,1031
2024-07-08,Perth,82,14.1,19.0,0,0,0,7,330
2024-07-08,Adelaide,106,13.5,0.0,0,0,0,7,407
2024-07-08,Canberra,62,13.6,1.8,0,0,0,7,171
2024-07-09,Sydney,207,16.5,9.2,1,0,0,7,2058
2024-07-09,Melbourne,162,14.5,5.3,1,0,0,7,1566
2024-07-09,Brisbane,86,20.9,0.0,1,0,0,7,1031
2024-07-09,Perth,86,15.2,0.0,1,0,0,7,330
2024-07-09,Adelaide,75,13.6,5.9,1,0,0,7,407
2024-07-09,Canberra,59,17.6,0.0,1,0,0,7,171
2024-07-10,Sydney,170,11.8,2.3,2,0,0,7,2058
2024-07-10,Melbourne,143,12.9,4.1,2,0,0,7,1566
2024-07-10,Brisbane,95,10.3,0.0,2,0,0,7,1031
2024-07-10,Perth,102,15.2,0.0,2,0,0,7,330
2024-07-10,Adelaide,98,11.5,0.0,2,0,0,7,407
2024-07-10,Canberra,64,15.2,0.0,2,0,0,7,171
2024-07-11,Sydney,149,17.5,0.8,3,0,0,7,2058
2024-07-11,Melbourne,145,20.1,21.5,3,0,0,7,1566
2024-07-11,Brisbane,279,22.3,1.6,3,0,0,7,1031
2024-07-11,Perth,107,13.9,0.0,3,0,0,7,330
2024-07-11,Adelaide,67,17.6,8.1,3,0,0,7,407
2024-07-11,Canberra,60,16.0,0.0,3,0,0,7,171
2024-07-12,Sydney,185,16.2,3.7,4,0,0,7,2058
2024-07-12,Melbourne,157,13.9,0.0,4,0,0,7,1566
2024-07-12,Brisbane,147,17.1,0.0,4,0,0,7,1031
2024-07-12,Perth,75,16.2,0.0,4,0,0,7,330
2024-07-12,Adelaide,102,11.1,0.0,4,0,0,7,407
2024-07-12,Canberra,110,9.3,0.0,4,0,0,7,171
2024-07-13,Sydney,108,17.1,6.9,5,1,0,7,2058
2024-07-13,Melbourne,86,15.3,0.0,5,1,0,7,1566
2024-07-13,Brisbane,86,5.6,0.0,5,1,0,7,1031
2024-07-13,Perth,53,15.5,0.0,5,1,0,7,330
2024-07-13,Adelaide,57,17.1,1.8,5,1,0,7,407
2024-07-13,Canberra,49,15.1,0.2,5,1,0,7,171
2024-07-14,Sydney,146,17.3,0.0,6,1,0,7,2058
2024-07-14,Melbourne,109,19.2,6.3,6,1,0,7,1566
2024-07-14,Brisbane,80,11.5,0.0,6,1,0,7,1031
2024-07-14,Perth,56,14.5,0.0,6,1,0,7,330
2024-07-14,Adelaide,58,16.0,16.2,6,1,0,7,407
2024-07-14,Canberra,37,14.7,6.8,6,1,0,7,171
2024-07-15,Sydney,185,12.2,0.0,0,0,0,7,2058
2024-07-15,Melbourne,166,17.2,8.7,0,0,0,7,1566
2024-07-15,Brisbane,143,17.5,10.1,0,0,0,7,1031
2024-07-15,Perth,81,17.9,12.1,0,0,0,7,330
2024-07-15,Adelaide,95,16.3,0.0,0,0,0,7,407
2024-07-15,Canberra,61,18.9,1.6,0,0,0,7,171
2024-07-16,Sydney,207,17.5,0.0,1,0,0,7,2058
2024-07-16,Melbourne,194,14.4,1.1,1,0,0,7,1566
2024-07-16,Brisbane,130,16.0,0.0,1,0,0,7,1031
2024-07-16,Perth,247,13.8,0.0,1,0,0,7,330
2024-07-16,Adelaide,68,10.2,2.7,1,0,0,7,407
2024-07-16,Canberra,61,11.1,10.1,1,0,0,7,171
2024-07-17,Sydney,244,21.1,0.0,2,0,0,7,2058
2024-07-17,Melbourne,183,8.7,3.2,2,0,0,7,1566
2024-07-17,Brisbane,113,7.0,11.9,2,0,0,7,1031
2024-07-17,Perth,155,16.9,0.7,2,0,0,7,330
2024-07-17,Adelaide,108,19.2,0.2,2,0,0,7,407
2024-07-17,Canberra,70,20.1,0.0,2,0,0,7,171
2024-07-18,Sydney,129,13.1,0.0,3,0,0,7,2058
2024-07-18,Melbourne,196,18.2,0.0,3,0,0,7,1566
2024-07-18,Brisbane,97,19.4,3.6,3,0,0,7,1031
2024-07-18,Perth,114,12.2,1.2,3,0,0,7,330
2024-07-18,Adelaide,111,12.4,1.1,3,0,0,7,407
2024-07-18,Canberra,78,15.6,1.5,3,0,0,7,171
2024-07-19,Sydney,188,17.8,13.3,4,0,0,7,2058
2024-07-19,Melbourne,187,12.2,0.0,4,0,0,7,1566
2024-07-19,Brisbane,82,9.8,0.0,4,0,0,7,1031
2024-07-19,Perth,129,9.5,2.1,4,0,0,7,330
2024-07-19,Adelaide,75,18.5,4.6,4,0,0,7,407
2024-07-19,Canberra,40,15.5,7.6,4,0,0,7,171
2024-07-20,Sydney,113,21.0,0.2,5,1,0,7,2058
2024-07-20,Melbourne,98,13.4,1.2,5,1,0,7,1566
2024-07-20,Brisbane,69,12.2,3.9,5,1,0,7,1031
2024-07-20,Perth,51,17.3,0.1,5,1,0,7,330
2024-07-20,Adelaide,72,15.0,0.0,5,1,0,7,407
2024-07-20,Canberra,38,14.3,0.4,5,1,0,7,171
2024-07-21,Sydney,311,15.5,0.0,6,1,0,7,2058
2024-07-21,Melbourne,83,15.7,0.0,6,1,0,7,1566
2024-07-21,Brisbane,84,16.4,0.0,6,1,0,7,1031
2024-07-21,Perth,59,12.7,4.5,6,1,0,7,330
2024-07-21,Adelaide,65,12.6,3.6,6,1,0,7,407
2024-07-21,Canberra,45,10.5,4.0,6,1,0,7,171
2024-07-22,Sydney,188,14.1,5.3,0,0,0,7,2058
2024-07-22,Melbourne,128,12.2,0.0,0,0,0,7,1566
2024-07-22,Brisbane,146,14.1,0.0,0,0,0,7,1031
2024-07-22,Perth,114,17.6,0.0,0,0,0,7,330
2024-07-22,Adelaide,94,14.0,0.0,0,0,0,7,407
2024-07-22,Canberra,68,21.2,0.0,0,0,0,7,171
2024-07-23,Sydney,217,19.0,0.6,1,0,0,7,2058
2024-07-23,Melbourne,200,13.1,0.0,1,0,0,7,1566
2024-07-23,Brisbane,139,18.5,0.0,1,0,0,7,1031
2024-07-23,Perth,90,16.0,3.2,1,0,0,7,330
2024-07-23,Adelaide,109,15.0,0.0,1,0,0,7,407
2024-07-23,Canberra,47,14.7,5.2,1,0,0,7,171
2024-07-24,Sydney,152,16.6,0.0,2,0,0,7,2058
2024-07-24,Melbourne,161,19.6,0.0,2,0,0,7,1566
2024-07-24,Brisbane,101,16.5,0.0,2,0,0,7,1031
2024-07-24,Perth,95,15.7,0.0,2,0,0,7,330
2024-07-24,Adelaide,94,12.6,0.0,2,0,0,7,407
2024-07-24,Canberra,60,11.5,10.5,2,0,0,7,171
2024-07-25,Sydney,170,9.8,0.0,3,0,0,7,2058
2024-07-25,Melbourne,166,13.1,3.0,3,0,0,7,1566
2024-07-25,Brisbane,111,11.4,1.3,3,0,0,7,1031
2024-07-25,Perth,95,16.1,0.5,3,0,0,7,330
2024-07-25,Adelaide,75,19.0,12.4,3,0,0,7,407
2024-07-25,Canberra,57,16.3,29.2,3,0,0,7,171
2024-07-26,Sydney,183,12.1,0.0,4,0,0,7,2058
2024-07-26,Melbourne,122,7.0,0.0,4,0,0,7,1566
2024-07-26,Brisbane,132,20.5,1.7,4,0,0,7,1031
2024-07-26,Perth,119,19.2,4.8,4,0,0,7,330
2024-07-26,Adelaide,80,12.3,0.0,4,0,0,7,407
2024-07-26,Canberra,62,12.5,2.8,4,0,0,7,171
2024-07-27,Sydney,122,17.3,18.3,5,1,0,7,2058
2024-07-27,Melbourne,97,12.5,3.9,5,1,0,7,1566
2024-07-27,Brisbane,113,15.3,0.0,5,1,0,7,1031
2024-07-27,Perth,145,12.3,4.3,5,1,0,7,330
2024-07-27,Adelaide,58,17.9,6.5,5,1,0,7,407
2024-07-27,Canberra,31,19.2,1.8,5,1,0,7,171
2024-07-28,Sydney,151,17.1,0.0,6,1,0,7,2058
2024-07-28,Melbourne,100,21.2,0.0,6,1,0,7,1566
2024-07-28,Brisbane,80,15.8,11.8,6,1,0,7,1031
2024-07-28,Perth,89,15.1,0.2,6,1,0,7,330
2024-07-28,Adelaide,54,18.7,0.7,6,1,0,7,407
2024-07-28,Canberra,55,13.8,0.0,6,1,0,7,171
2024-07-29,Sydney,154,12.6,5.0,0,0,0,7,2058
2024-07-29,Melbourne,171,13.2,0.0,0,0,0,7,1566
2024-07-29,Brisbane,95,14.5,0.0,0,0,0,7,1031
2024-07-29,Perth,115,14.6,0.0,0,0,0,7,330
2024-07-29,Adelaide,96,16.3,8.4,0,0,0,7,407
2024-07-29,Canberra,44,18.8,1.4,0,0,0,7,171
2024-07-30,Sydney,165,9.7,11.7,1,0,0,7,2058
2024-07-30,Melbourne,176,18.9,0.0,1,0,0,7,1566
2024-07-30,Brisbane,160,17.6,0.0,1,0,0,7,1031
2024-07-30,Perth,80,18.0,0.8,1,0,0,7,330
2024-07-30,Adelaide,94,11.4,0.0,1,0,0,7,407
2024-07-30,Canberra,59,13.4,0.1,1,0,0,7,171
2024-07-31,Sydney,234,10.5,0.0,2,0,0,7,2058
2024-07-31,Melbourne,155,18.2,2.3,2,0,0,7,1566
2024-07-31,Brisbane,110,11.5,6.4,2,0,0,7,1031
2024-07-31,Perth,90,11.8,0.0,2,0,0,7,330
2024-07-31,Adelaide,92,13.5,0.0,2,0,0,7,407
2024-07-31,Canberra,57,15.4,0.0,2,0,0,7,171
2024-08-01,Sydney,183,13.5,14.0,3,0,0,8,2058
2024-08-01,Melbourne,316,18.0,0.0,3,0,0,8,1566
2024-08-01,Brisbane,96,15.7,0.0,3,0,0,8,1031
2024-08-01,Perth,191,16.1,4.8,3,0,0,8,330
2024-08-01,Adelaide,213,13.1,0.0,3,0,0,8,407
2024-08-01,Canberra,55,17.6,0.0,3,0,0,8,171
2024-08-02,Sydney,141,12.7,1.7,4,0,0,8,2058
2024-08-02,Melbourne,105,20.1,1.7,4,0,0,8,1566
2024-08-02,Brisbane,111,12.8,5.2,4,0,0,8,1031
2024-08-02,Perth,84,12.9,0.0,4,0,0,8,330
2024-08-02,Adelaide,93,14.6,2.7,4,0,0,8,407
2024-08-02,Canberra,60,18.0,0.0,4,0,0,8,171
2024-08-03,Sydney,154,13.1,0.0,5,1,0,8,2058
2024-08-03,Melbourne,119,10.5,6.3,5,1,0,8,1566
2024-08-03,Brisbane,81,14.2,0.0,5,1,0,8,1031
2024-08-03,Perth,70,17.1,3.8,5,1,0,8,330
2024-08-03,Adelaide,144,14.9,0.0,5,1,0,8,407
2024-08-03,Canberra,86,19.0,14.5,5,1,0,8,171
2024-08-04,Sydney,92,22.6,0.0,6,1,0,8,2058
2024-08-04,Melbourne,103,16.4,0.0,6,1,0,8,1566
2024-08-04,Brisbane,93,18.0,0.0,6,1,0,8,1031
2024-08-04,Perth,73,13.4,0.2,6,1,0,8,330
2024-08-04,Adelaide,64,13.2,0.0,6,1,0,8,407
2024-08-04,Canberra,47,16.1,0.0,6,1,0,8,171
2024-08-05,Sydney,176,16.8,0.6,0,0,0,8,2058
2024-08-05,Melbourne,156,12.8,2.0,0,0,0,8,1566
2024-08-05,Brisbane,126,13.4,0.0,0,0,0,8,1031
2024-08-05,Perth,92,10.4,7.5,0,0,0,8,330
2024-08-05,Adelaide,79,15.2,0.0,0,0,0,8,407
2024-08-05,Canberra,64,13.0,5.4,0,0,0,8,171
2024-08-06,Sydney,173,15.6,0.0,1,0,0,8,2058
2024-08-06,Melbourne,161,14.8,3.5,1,0,0,8,1566
2024-08-06,Brisbane,142,8.9,14.3,1,0,0,8,1031
2024-08-06,Perth,116,15.4,0.0,1,0,0,8,330
2024-08-06,Adelaide,66,23.0,1.2,1,0,0,8,407
2024-08-06,Canberra,51,13.7,0.0,1,0,0,8,171
2024-08-07,Sydney,222,17.4,3.9,2,0,0,8,2058
2024-08-07,Melbourne,125,14.6,11.3,2,0,0,8,1566
2024-08-07,Brisbane,109,13.7,0.0,2,0,0,8,1031
2024-08-07,Perth,91,21.5,0.0,2,0,0,8,330
2024-08-07,Adelaide,61,11.7,12.9,2,0,0,8,407
2024-08-07,Canberra,43,12.0,0.0,2,0,0,8,171
2024-08-08,Sydney,150,15.2,0.9,3,0,0,8,2058
2024-08-08,Melbourne,347,12.8,15.7,3,0,0,8,1566
2024-08-08,Brisbane,101,17.1,0.0,3,0,0,8,1031
2024-08-08,Perth,115,15.6,0.0,3,0,0,8,330
2024-08-08,Adelaide,74,11.8,0.0,3,0,0,8,407
2024-08-08,Canberra,63,13.8,0.0,3,0,0,8,171
2024-08-09,Sydney,166,18.6,0.0,4,0,0,8,2058
2024-08-09,Melbourne,163,16.8,0.0,4,0,0,8,1566
2024-08-09,Brisbane,99,18.8,18.1,4,0,0,8,1031
2024-08-09,Perth,104,13.6,3.2,4,0,0,8,330
2024-08-09,Adelaide,89,20.8,0.0,4,0,0,8,407
2024-08-09,Canberra,133,17.0,0.9,4,0,0,8,171
2024-08-10,Sydney,105,15.3,0.0,5,1,0,8,2058
2024-08-10,Melbourne,90,14.6,0.0,5,1,0,8,1566
2024-08-10,Brisbane,78,13.4,5.4,5,1,0,8,1031
2024-08-10,Perth,61,12.9,0.0,5,1,0,8,330
2024-08-10,Adelaide,106,11.6,0.0,5,1,0,8,407
2024-08-10,Canberra,38,12.2,0.7,5,1,0,8,171
2024-08-11,Sydney,97,16.9,3.3,6,1,0,8,2058
2024-08-11,Melbourne,110,15.2,0.0,6,1,0,8,1566
2024-08-11,Brisbane,76,15.2,0.0,6,1,0,8,1031
2024-08-11,Perth,61,17.4,0.0,6,1,0,8,330
2024-08-11,Adelaide,68,15.6,9.3,6,1,0,8,407
2024-08-11,Canberra,48,18.1,0.0,6,1,0,8,171
2024-08-12,Sydney,221,15.4,0.0,0,0,0,8,2058
2024-08-12,Melbourne,173,20.2,2.9,0,0,0,8,1566
2024-08-12,Brisbane,98,15.3,11.3,0,0,0,8,1031
2024-08-12,Perth,81,17.1,6.4,0,0,0,8,330
2024-08-12,Adelaide,66,16.7,0.0,0,0,0,8,407
2024-08-12,Canberra,48,14.6,0.0,0,0,0,8,171
2024-08-13,Sydney,183,11.4,0.0,1,0,0,8,2058
2024-08-13,Melbourne,169,12.1,0.0,1,0,0,8,1566
2024-08-13,Brisbane,119,14.6,0.0,1,0,0,8,1031
2024-08-13,Perth,75,9.0,12.3,1,0,0,8,330
2024-08-13,Adelaide,100,16.4,7.2,1,0,0,8,407
2024-08-13,Canberra,56,14.0,0.0,1,0,0,8,171
2024-08-14,Sydney,190,11.7,2.5,2,0,0,8,2058
2024-08-14,Melbourne,156,11.6,0.0,2,0,0,8,1566
2024-08-14,Brisbane,109,14.2,0.0,2,0,0,8,1031
2024-08-14,Perth,59,16.9,0.0,2,0,0,8,330
2024-08-14,Adelaide,76,22.9,5.1,2,0,0,8,407
2024-08-14,Canberra,51,11.4,8.6,2,0,0,8,171
2024-08-15,Sydney,180,18.0,4.4,3,0,0,8,2058
2024-08-15,Melbourne,151,17.2,6.1,3,0,0,8,1566
2024-08-15,Brisbane,92,11.3,2.3,3,0,0,8,1031
2024-08-15,Perth,114,15.3,0.0,3,0,0,8,330
2024-08-15,Adelaide,64,16.5,0.0,3,0,0,8,407
2024-08-15,Canberra,58,17.3,1.0,3,0,0,8,171
2024-08-16,Sydney,148,17.7,3.0,4,0,0,8,2058
2024-08-16,Melbourne,137,9.0,0.0,4,0,0,8,1566
2024-08-16,Brisbane,112,14.8,0.0,4,0,0,8,1031
2024-08-16,Perth,113,12.8,0.0,4,0,0,8,330
2024-08-16,Adelaide,77,18.8,7.4,4,0,0,8,407
2024-08-16,Canberra,137,11.4,0.0,4,0,0,8,171
2024-08-17,Sydney,109,13.3,2.9,5,1,0,8,2058
2024-08-17,Melbourne,145,9.7,0.0,5,1,0,8,1566
2024-08-17,Brisbane,92,16.0,4.2,5,1,0,8,1031
2024-08-17,Perth,57,18.2,1.0,5,1,0,8,330
2024-08-17,Adelaide,50,10.6,0.0,5,1,0,8,407
2024-08-17,Canberra,33,13.0,0.0,5,1,0,8,171
2024-08-18,Sydney,129,15.4,0.0,6,1,0,8,2058
2024-08-18,Melbourne,102,12.6,1.8,6,1,0,8,1566
2024-08-18,Brisbane,79,19.0,2.2,6,1,0,8,1031
2024-08-18,Perth,58,11.3,0.0,6,1,0,8,330
2024-08-18,Adelaide,61,13.6,0.0,6,1,0,8,407
2024-08-18,Canberra,33,10.5,1.0,6,1,0,8,171
2024-08-19,Sydney,174,14.7,0.0,0,0,0,8,2058
2024-08-19,Melbourne,148,13.9,4.1,0,0,0,8,1566
2024-08-19,Brisbane,104,13.9,9.1,0,0,0,8,1031
2024-08-19,Perth,102,12.7,0.0,0,0,0,8,330
2024-08-19,Adelaide,79,13.6,0.0,0,0,0,8,407
2024-08-19,Canberra,59,14.6,2.2,0,0,0,8,171
2024-08-20,Sydney,198,14.0,0.0,1,0,0,8,2058
2024-08-20,Melbourne,136,16.9,0.0,1,0,0,8,1566
2024-08-20,Brisbane,86,13.0,11.3,1,0,0,8,1031
2024-08-20,Perth,84,11.9,0.0,1,0,0,8,330
2024-08-20,Adelaide,51,15.2,1.5,1,0,0,8,407
2024-08-20,Canberra,49,21.4,9.3,1,0,0,8,171
2024-08-21,Sydney,172,19.2,0.7,2,0,0,8,2058
2024-08-21,Melbourne,113,14.9,15.9,2,0,0,8,1566
2024-08-21,Brisbane,114,13.7,0.0,2,0,0,8,1031
2024-08-21,Perth,108,14.2,2.9,2,0,0,8,330
2024-08-21,Adelaide,75,13.2,0.0,2,0,0,8,407
2024-08-21,Canberra,51,12.1,0.6,2,0,0,8,171
2024-08-22,Sydney,193,9.1,0.0,3,0,0,8,2058
2024-08-22,Melbourne,134,13.5,0.0,3,0,0,8,1566
2024-08-22,Brisbane,91,16.7,0.0,3,0,0,8,1031
2024-08-22,Perth,104,9.0,2.6,3,0,0,8,330
2024-08-22,Adelaide,85,9.1,0.0,3,0,0,8,407
2024-08-22,Canberra,55,11.1,0.0,3,0,0,8,171
2024-08-23,Sydney,160,9.9,0.0,4,0,0,8,2058
2024-08-23,Melbourne,158,12.8,7.7,4,0,0,8,1566
2024-08-23,Brisbane,109,13.9,9.4,4,0,0,8,1031
2024-08-23,Perth,83,15.1,1.2,4,0,0,8,330
2024-08-23,Adelaide,69,16.5,8.4,4,0,0,8,407
2024-08-23,Canberra,63,18.7,0.0,4,0,0,8,171
2024-08-24,Sydney,137,11.5,6.6,5,1,0,8,2058
2024-08-24,Melbourne,103,16.8,4.6,5,1,0,8,1566
2024-08-24,Brisbane,75,16.7,0.0,5,1,0,8,1031
2024-08-24,Perth,63,17.8,0.0,5,1,0,8,330
2024-08-24,Adelaide,60,11.8,2.7,5,1,0,8,407
2024-08-24,Canberra,34,17.5,3.8,5,1,0,8,171
2024-08-25,Sydney,115,17.5,7.7,6,1,0,8,2058
2024-08-25,Melbourne,99,12.0,28.8,6,1,0,8,1566
2024-08-25,Brisbane,83,13.5,4.3,6,1,0,8,1031
2024-08-25,Perth,75,10.1,0.0,6,1,0,8,330
2024-08-25,Adelaide,52,19.4,17.6,6,1,0,8,407
2024-08-25,Canberra,45,6.4,0.0,6,1,0,8,171
2024-08-26,Sydney,175,16.7,0.2,0,0,0,8,2058
2024-08-26,Melbourne,155,18.9,0.0,0,0,0,8,1566
2024-08-26,Brisbane,120,13.4,0.0,0,0,0,8,1031
2024-08-26,Perth,115,14.3,11.8,0,0,0,8,330
2024-08-26,Adelaide,67,12.1,3.8,0,0,0,8,407
2024-08-26,Canberra,60,15.3,0.0,0,0,0,8,171
2024-08-27,Sydney,136,20.1,0.0,1,0,0,8,2058
2024-08-27,Melbourne,164,17.6,0.0,1,0,0,8,1566
2024-08-27,Brisbane,186,16.1,0.0,1,0,0,8,1031
2024-08-27,Perth,81,13.2,0.0,1,0,0,8,330
2024-08-27,Adelaide,69,17.0,0.0,1,0,0,8,407
2024-08-27,Canberra,41,18.4,14.0,1,0,0,8,171
2024-08-28,Sydney,120,17.7,0.0,2,0,0,8,2058
2024-08-28,Melbourne,172,17.4,0.0,2,0,0,8,1566
2024-08-28,Brisbane,61,17.9,0.0,2,0,0,8,1031
2024-08-28,Perth,89,15.2,0.0,2,0,0,8,330
2024-08-28,Adelaide,85,12.1,1.8,2,0,0,8,407
2024-08-28,Canberra,72,14.9,0.0,2,0,0,8,171
2024-08-29,Sydney,192,16.2,12.2,3,0,0,8,2058
2024-08-29,Melbourne,248,14.5,0.0,3,0,0,8,1566
2024-08-29,Brisbane,127,14.2,0.0,3,0,0,8,1031
2024-08-29,Perth,89,12.0,0.0,3,0,0,8,330
2024-08-29,Adelaide,63,12.9,0.7,3,0,0,8,407
2024-08-29,Canberra,58,18.1,0.0,3,0,0,8,171
2024-08-30,Sydney,192,12.0,3.3,4,0,0,8,2058
2024-08-30,Melbourne,122,10.9,0.0,4,0,0,8,1566
2024-08-30,Brisbane,73,13.4,8.2,4,0,0,8,1031
2024-08-30,Perth,102,12.2,16.8,4,0,0,8,330
2024-08-30,Adelaide,99,17.3,0.0,4,0,0,8,407
2024-08-30,Canberra,60,16.8,0.0,4,0,0,8,171
2024-08-31,Sydney,119,15.6,0.0,5,1,0,8,2058
2024-08-31,Melbourne,73,15.1,0.0,5,1,0,8,1566
2024-08-31,Brisbane,49,13.2,0.0,5,1,0,8,1031
2024-08-31,Perth,52,16.3,0.0,5,1,0,8,330
2024-08-31,Adelaide,48,15.4,0.0,5,1,0,8,407
2024-08-31,Canberra,84,17.8,0.0,5,1,0,8,171
2024-09-01,Sydney,118,19.5,0.0,6,1,0,9,2058
2024-09-01,Melbourne,106,23.3,0.0,6,1,0,9,1566
2024-09-01,Brisbane,88,23.2,1.2,6,1,0,9,1031
2024-09-01,Perth,58,23.2,0.0,6,1,0,9,330
2024-09-01,Adelaide,55,21.6,0.0,6,1,0,9,407
2024-09-01,Canberra,38,22.8,0.0,6,1,0,9,171
2024-09-02,Sydney,153,23.7,0.0,0,0,0,9,2058
2024-09-02,Melbourne,141,20.6,0.0,0,0,0,9,1566
2024-09-02,Brisbane,93,23.9,0.0,0,0,0,9,1031
2024-09-02,Perth,68,23.3,0.0,0,0,0,9,330
2024-09-02,Adelaide,62,25.9,13.3,0,0,0,9,407
2024-09-02,Canberra,61,21.4,0.0,0,0,0,9,171
2024-09-03,Sydney,138,18.8,1.9,1,0,0,9,2058
2024-09-03,Melbourne,158,25.2,0.0,1,0,0,9,1566
2024-09-03,Brisbane,109,18.3,10.4,1,0,0,9,1031
2024-09-03,Perth,107,15.9,0.0,1,0,0,9,330
2024-09-03,Adelaide,105,19.6,0.0,1,0,0,9,407
2024-09-03,Canberra,46,18.7,0.1,1,0,0,9,171
2024-09-04,Sydney,164,21.6,0.0,2,0,0,9,2058
2024-09-04,Melbourne,176,24.1,0.0,2,0,0,9,1566
2024-09-04,Brisbane,91,22.5,0.0,2,0,0,9,1031
2024-09-04,Perth,93,17.5,0.8,2,0,0,9,330
2024-09-04,Adelaide,79,20.2,0.1,2,0,0,9,407
2024-09-04,Canberra,67,23.7,4.8,2,0,0,9,171
2024-09-05,Sydney,109,23.2,2.8,3,0,0,9,2058
2024-09-05,Melbourne,131,24.5,0.0,3,0,0,9,1566
2024-09-05,Brisbane,96,18.8,1.8,3,0,0,9,1031
2024-09-05,Perth,169,23.3,0.0,3,0,0,9,330
2024-09-05,Adelaide,62,18.8,0.0,3,0,0,9,407
2024-09-05,Canberra,39,25.5,0.0,3,0,0,9,171
2024-09-06,Sydney,214,25.3,0.0,4,0,0,9,2058
2024-09-06,Melbourne,146,22.1,0.0,4,0,0,9,1566
2024-09-06,Brisbane,109,21.5,2.4,4,0,0,9,1031
2024-09-06,Perth,69,20.6,2.9,4,0,0,9,330
2024-09-06,Adelaide,81,18.8,0.4,4,0,0,9,407
2024-09-06,Canberra,51,22.4,0.0,4,0,0,9,171
2024-09-07,Sydney,125,20.4,2.8,5,1,0,9,2058
2024-09-07,Melbourne,87,22.1,0.0,5,1,0,9,1566
2024-09-07,Brisbane,129,18.6,0.0,5,1,0,9,1031
2024-09-07,Perth,58,24.9,5.1,5,1,0,9,330
2024-09-07,Adelaide,46,21.3,0.0,5,1,0,9,407
2024-09-07,Canberra,33,23.1,0.0,5,1,0,9,171
2024-09-08,Sydney,111,18.7,1.6,6,1,0,9,2058
2024-09-08,Melbourne,85,21.3,0.0,6,1,0,9,1566
2024-09-08,Brisbane,63,22.4,0.0,6,1,0,9,1031
2024-09-08,Perth,64,19.4,0.0,6,1,0,9,330
2024-09-08,Adelaide,53,22.2,0.0,6,1,0,9,407
2024-09-08,Canberra,32,20.7,0.0,6,1,0,9,171
2024-09-09,Sydney,143,25.4,0.0,0,0,0,9,2058
2024-09-09,Melbourne,100,18.1,0.0,0,0,0,9,1566
2024-09-09,Brisbane,106,19.5,0.0,0,0,0,9,1031
2024-09-09,Perth,85,23.8,2.6,0,0,0,9,330
2024-09-09,Adelaide,79,23.2,0.0,0,0,0,9,407
2024-09-09,Canberra,52,22.3,0.0,0,0,0,9,171
2024-09-10,Sydney,175,16.4,0.9,1,0,0,9,2058
2024-09-10,Melbourne,293,23.0,1.0,1,0,0,9,1566
2024-09-10,Brisbane,107,22.8,0.0,1,0,0,9,1031
2024-09-10,Perth,101,23.9,0.0,1,0,0,9,330
2024-09-10,Adelaide,79,20.2,1.3,1,0,0,9,407
2024-09-10,Canberra,54,19.9,0.0,1,0,0,9,171
2024-09-11,Sydney,191,22.0,0.0,2,0,0,9,2058
2024-09-11,Melbourne,215,27.1,4.0,2,0,0,9,1566
2024-09-11,Brisbane,109,18.5,0.0,2,0,0,9,1031
2024-09-11,Perth,93,23.4,1.4,2,0,0,9,330
2024-09-11,Adelaide,57,24.9,1.9,2,0,0,9,407
2024-09-11,Canberra,53,22.3,3.1,2,0,0,9,171
2024-09-12,Sydney,154,21.5,0.8,3,0,0,9,2058
2024-09-12,Melbourne,140,24.3,0.0,3,0,0,9,1566
2024-09-12,Brisbane,84,23.9,0.7,3,0,0,9,1031
2024-09-12,Perth,85,26.6,0.0,3,0,0,9,330
2024-09-12,Adelaide,80,21.5,0.5,3,0,0,9,407
2024-09-12,Canberra,89,24.9,0.0,3,0,0,9,171
2024-09-13,Sydney,157,17.1,0.0,4,0,0,9,2058
2024-09-13,Melbourne,137,25.1,0.0,4,0,0,9,1566
2024-09-13,Brisbane,108,19.2,1.2,4,0,0,9,1031
2024-09-13,Perth,86,20.3,0.7,4,0,0,9,330
2024-09-13,Adelaide,46,18.3,0.0,4,0,0,9,407
2024-09-13,Canberra,51,22.6,0.9,4,0,0,9,171
2024-09-14,Sydney,110,22.3,0.0,5,1,0,9,2058
2024-09-14,Melbourne,75,20.3,0.0,5,1,0,9,1566
2024-09-14,Brisbane,67,21.6,0.0,5,1,0,9,1031
2024-09-14,Perth,81,20.7,4.1,5,1,0,9,330
2024-09-14,Adelaide,42,20.5,0.0,5,1,0,9,407
2024-09-14,Canberra,34,23.4,0.0,5,1,0,9,171
2024-09-15,Sydney,80,23.9,0.0,6,1,0,9,2058
2024-09-15,Melbourne,82,25.4,2.7,6,1,0,9,1566
2024-09-15,Brisbane,69,18.4,2.0,6,1,0,9,1031
2024-09-15,Perth,69,24.9,3.6,6,1,0,9,330
2024-09-15,Adelaide,46,16.8,0.0,6,1,0,9,407
2024-09-15,Canberra,34,24.3,0.0,6,1,0,9,171
2024-09-16,Sydney,161,19.6,0.0,0,0,0,9,2058
2024-09-16,Melbourne,163,22.4,5.3,0,0,0,9,1566
2024-09-16,Brisbane,94,22.1,4.3,0,0,0,9,1031
2024-09-16,Perth,90,24.1,0.0,0,0,0,9,330
2024-09-16,Adelaide,76,21.0,0.0,0,0,0,9,407
2024-09-16,Canberra,117,17.0,2.8,0,0,0,9,171
2024-09-17,Sydney,262,22.0,0.0,1,0,0,9,2058
2024-09-17,Melbourne,207,24.9,0.0,1,0,0,9,1566
2024-09-17,Brisbane,92,19.1,0.0,1,0,0,9,1031
2024-09-17,Perth,82,22.5,0.9,1,0,0,9,330
2024-09-17,Adelaide,66,24.9,4.7,1,0,0,9,407
2024-09-17,Canberra,53,18.9,0.0,1,0,0,9,171
2024-09-18,Sydney,136,15.7,0.0,2,0,0,9,2058
2024-09-18,Melbourne,340,24.2,0.0,2,0,0,9,1566
2024-09-18,Brisbane,94,18.4,6.6,2,0,0,9,1031
2024-09-18,Perth,165,25.6,0.0,2,0,0,9,330
2024-09-18,Adelaide,65,25.5,0.0,2,0,0,9,407
2024-09-18,Canberra,59,20.7,0.0,2,0,0,9,171
2024-09-19,Sydney,144,17.3,0.0,3,0,0,9,2058
2024-09-19,Melbourne,133,21.5,1.8,3,0,0,9,1566
2024-09-19,Brisbane,115,20.6,0.0,3,0,0,9,1031
2024-09-19,Perth,69,15.8,2.4,3,0,0,9,330
2024-09-19,Adelaide,57,23.0,0.1,3,0,0,9,407
2024-09-19,Canberra,58,17.8,0.0,3,0,0,9,171
2024-09-20,Sydney,137,26.1,0.0,4,0,0,9,2058
2024-09-20,Melbourne,81,20.7,7.6,4,0,0,9,1566
2024-09-20,Brisbane,99,20.3,0.0,4,0,0,9,1031
2024-09-20,Perth,85,19.4,4.2,4,0,0,9,330
2024-09-20,Adelaide,78,21.4,0.0,4,0,0,9,407
2024-09-20,Canberra,54,25.5,1.5,4,0,0,9,171
2024-09-21,Sydney,93,18.3,0.8,5,1,0,9,2058
2024-09-21,Melbourne,88,20.4,0.0,5,1,0,9,1566
2024-09-21,Brisbane,92,26.3,2.0,5,1,0,9,1031
2024-09-21,Perth,43,22.7,0.8,5,1,0,9,330
2024-09-21,Adelaide,48,18.3,0.9,5,1,0,9,407
2024-09-21,Canberra,30,24.6,2.1,5,1,0,9,171
2024-09-22,Sydney,99,17.7,0.0,6,1,0,9,2058
2024-09-22,Melbourne,75,22.2,2.0,6,1,0,9,1566
2024-09-22,Brisbane,74,20.2,0.0,6,1,0,9,1031
2024-09-22,Perth,67,19.5,0.0,6,1,0,9,330
2024-09-22,Adelaide,45,23.6,0.0,6,1,0,9,407
2024-09-22,Canberra,32,24.5,0.0,6,1,0,9,171
2024-09-23,Sydney,160,19.2,0.0,0,0,0,9,2058
2024-09-23,Melbourne,92,19.9,0.0,0,0,0,9,1566
2024-09-23,Brisbane,114,19.2,0.4,0,0,0,9,1031
2024-09-23,Perth,63,27.1,0.0,0,0,0,9,330
2024-09-23,Adelaide,75,26.9,3.0,0,0,0,9,407
2024-09-23,Canberra,83,24.5,0.0,0,0,0,9,171
2024-09-24,Sydney,128,23.0,0.0,1,0,0,9,2058
2024-09-24,Melbourne,110,17.8,2.6,1,0,0,9,1566
2024-09-24,Brisbane,88,21.7,0.0,1,0,0,9,1031
2024-09-24,Perth,88,16.8,0.7,1,0,0,9,330
2024-09-24,Adelaide,78,17.2,0.0,1,0,0,9,407
2024-09-24,Canberra,49,17.3,0.0,1,0,0,9,171
2024-09-25,Sydney,106,26.4,0.0,2,0,0,9,2058
2024-09-25,Melbourne,114,20.1,1.5,2,0,0,9,1566
2024-09-25,Brisbane,88,25.7,0.0,2,0,0,9,1031
2024-09-25,Perth,78,21.0,2.3,2,0,0,9,330
2024-09-25,Adelaide,69,18.4,0.0,2,0,0,9,407
2024-09-25,Canberra,64,16.7,3.8,2,0,0,9,171
2024-09-26,Sydney,145,20.4,0.0,3,0,0,9,2058
2024-09-26,Melbourne,135,22.1,2.2,3,0,0,9,1566
2024-09-26,Brisbane,93,20.2,0.0,3,0,0,9,1031
2024-09-26,Perth,60,28.4,1.0,3,0,0,9,330
2024-09-26,Adelaide,67,22.5,0.0,3,0,0,9,407
2024-09-26,Canberra,33,21.7,0.0,3,0,0,9,171
2024-09-27,Sydney,139,23.4,0.0,4,0,0,9,2058
2024-09-27,Melbourne,160,22.1,0.0,4,0,0,9,1566
2024-09-27,Brisbane,87,20.5,0.0,4,0,0,9,1031
2024-09-27,Perth,79,18.3,1.1,4,0,0,9,330
2024-09-27,Adelaide,62,19.7,1.8,4,0,0,9,407
2024-09-27,Canberra,59,23.5,0.0,4,0,0,9,171
2024-09-28,Sydney,103,23.5,0.0,5,1,0,9,2058
2024-09-28,Melbourne,71,23.7,3.1,5,1,0,9,1566
2024-09-28,Brisbane,70,28.5,0.2,5,1,0,9,1031
2024-09-28,Perth,64,24.6,0.0,5,1,0,9,330
2024-09-28,Adelaide,43,28.0,0.0,5,1,0,9,407
2024-09-28,Canberra,26,20.3,0.0,5,1,0,9,171
2024-09-29,Sydney,102,24.3,0.0,6,1,0,9,2058
2024-09-29,Melbourne,93,21.5,1.9,6,1,0,9,1566
2024-09-29,Brisbane,81,19.1,1.3,6,1,0,9,1031
2024-09-29,Perth,130,22.3,0.0,6,1,0,9,330
2024-09-29,Adelaide,61,18.2,0.0,6,1,0,9,407
2024-09-29,Canberra,32,20.5,0.0,6,1,0,9,171
2024-09-30,Sydney,154,16.4,0.0,0,0,0,9,2058
2024-09-30,Melbourne,128,20.2,0.0,0,0,0,9,1566
2024-09-30,Brisbane,109,18.7,0.0,0,0,0,9,1031
2024-09-30,Perth,52,22.5,0.0,0,0,0,9,330
2024-09-30,Adelaide,160,15.2,0.7,0,0,0,9,407
2024-09-30,Canberra,42,20.8,4.3,0,0,0,9,171
2024-10-01,Sydney,129,25.2,1.3,1,0,0,10,2058
2024-10-01,Melbourne,102,23.7,6.5,1,0,0,10,1566
2024-10-01,Brisbane,66,19.5,1.1,1,0,0,10,1031
2024-10-01,Perth,68,23.2,0.0,1,0,0,10,330
2024-10-01,Adelaide,59,27.6,3.1,1,0,0,10,407
2024-10-01,Canberra,45,21.5,0.0,1,0,0,10,171
2024-10-02,Sydney,159,19.2,0.0,2,0,0,10,2058
2024-10-02,Melbourne,140,23.6,1.3,2,0,0,10,1566
2024-10-02,Brisbane,96,21.2,1.2,2,0,0,10,1031
2024-10-02,Perth,75,21.7,3.9,2,0,0,10,330
2024-10-02,Adelaide,42,19.0,0.0,2,0,0,10,407
2024-10-02,Canberra,51,19.1,0.0,2,0,0,10,171
2024-10-03,Sydney,122,20.2,4.7,3,0,0,10,2058
2024-10-03,Melbourne,138,21.8,0.0,3,0,0,10,1566
2024-10-03,Brisbane,65,23.6,0.0,3,0,0,10,1031
2024-10-03,Perth,97,30.9,0.0,3,0,0,10,330
2024-10-03,Adelaide,60,23.3,0.0,3,0,0,10,407
2024-10-03,Canberra,40,20.2,7.0,3,0,0,10,171
2024-10-04,Sydney,166,27.0,0.0,4,0,0,10,2058
2024-10-04,Melbourne,133,21.9,0.0,4,0,0,10,1566
2024-10-04,Brisbane,76,18.3,6.9,4,0,0,10,1031
2024-10-04,Perth,86,28.3,0.0,4,0,0,10,330
2024-10-04,Adelaide,60,19.6,0.7,4,0,0,10,407
2024-10-04,Canberra,39,19.4,0.0,4,0,0,10,171
2024-10-05,Sydney,95,18.9,0.0,5,1,0,10,2058
2024-10-05,Melbourne,75,23.9,0.0,5,1,0,10,1566
2024-10-05,Brisbane,81,21.1,0.0,5,1,0,10,1031
2024-10-05,Perth,46,25.2,4.0,5,1,0,10,330
2024-10-05,Adelaide,52,19.2,0.0,5,1,0,10,407
2024-10-05,Canberra,55,22.8,2.5,5,1,0,10,171
2024-10-06,Sydney,78,17.6,0.0,6,1,0,10,2058
2024-10-06,Melbourne,93,25.7,0.0,6,1,0,10,1566
2024-10-06,Brisbane,55,21.7,3.8,6,1,0,10,1031
2024-10-06,Perth,58,23.9,1.0,6,1,0,10,330
2024-10-06,Adelaide,40,25.2,6.3,6,1,0,10,407
2024-10-06,Canberra,26,29.4,2.8,6,1,0,10,171
2024-10-07,Sydney,163,20.1,3.4,0,0,0,10,2058
2024-10-07,Melbourne,136,18.4,0.0,0,0,0,10,1566
2024-10-07,Brisbane,92,26.0,0.0,0,0,0,10,1031
2024-10-07,Perth,71,21.4,1.0,0,0,0,10,330
2024-10-07,Adelaide,175,17.0,0.1,0,0,0,10,407
2024-10-07,Canberra,54,23.5,0.0,0,0,0,10,171
2024-10-08,Sydney,117,23.7,0.8,1,0,0,10,2058
2024-10-08,Melbourne,99,29.3,0.0,1,0,0,10,1566
2024-10-08,Brisbane,70,23.6,0.0,1,0,0,10,1031
2024-10-08,Perth,78,17.3,0.0,1,0,0,10,330
2024-10-08,Adelaide,64,19.4,0.0,1,0,0,10,407
2024-10-08,Canberra,114,23.2,0.0,1,0,0,10,171
2024-10-09,Sydney,140,21.3,1.5,2,0,0,10,2058
2024-10-09,Melbourne,216,15.9,0.0,2,0,0,10,1566
2024-10-09,Brisbane,86,23.8,5.5,2,0,0,10,1031
2024-10-09,Perth,72,16.8,0.0,2,0,0,10,330
2024-10-09,Adelaide,65,19.1,1.8,2,0,0,10,407
2024-10-09,Canberra,43,22.5,3.5,2,0,0,10,171
2024-10-10,Sydney,120,21.0,3.6,3,0,0,10,2058
2024-10-10,Melbourne,133,23.5,0.0,3,0,0,10,1566
2024-10-10,Brisbane,126,16.7,2.1,3,0,0,10,1031
2024-10-10,Perth,73,17.1,0.6,3,0,0,10,330
2024-10-10,Adelaide,61,22.8,1.2,3,0,0,10,407
2024-10-10,Canberra,42,22.7,0.0,3,0,0,10,171
2024-10-11,Sydney,158,19.1,0.0,4,0,0,10,2058
2024-10-11,Melbourne,131,18.0,0.0,4,0,0,10,1566
2024-10-11,Brisbane,71,18.6,0.9,4,0,0,10,1031
2024-10-11,Perth,89,28.1,0.0,4,0,0,10,330
2024-10-11,Adelaide,67,21.1,0.0,4,0,0,10,407
2024-10-11,Canberra,41,15.0,0.0,4,0,0,10,171
2024-10-12,Sydney,85,21.1,0.4,5,1,0,10,2058
2024-10-12,Melbourne,79,21.1,0.0,5,1,0,10,1566
2024-10-12,Brisbane,67,19.7,0.0,5,1,0,10,1031
2024-10-12,Perth,57,24.7,3.6,5,1,0,10,330
2024-10-12,Adelaide,47,28.4,4.6,5,1,0,10,407
2024-10-12,Canberra,32,21.9,0.0,5,1,0,10,171
2024-10-13,Sydney,88,26.0,0.4,6,1,0,10,2058
2024-10-13,Melbourne,79,22.9,0.0,6,1,0,10,1566
2024-10-13,Brisbane,60,21.9,4.0,6,1,0,10,1031
2024-10-13,Perth,51,21.6,4.2,6,1,0,10,330
2024-10-13,Adelaide,41,24.1,5.2,6,1,0,10,407
2024-10-13,Canberra,36,20.2,0.0,6,1,0,10,171
2024-10-14,Sydney,134,25.0,0.0,0,0,0,10,2058
2024-10-14,Melbourne,94,24.1,0.0,0,0,0,10,1566
2024-10-14,Brisbane,87,25.0,0.4,0,0,0,10,1031
2024-10-14,Perth,62,23.7,0.0,0,0,0,10,330
2024-10-14,Adelaide,82,24.2,1.6,0,0,0,10,407
2024-10-14,Canberra,48,23.2,0.0,0,0,0,10,171
2024-10-15,Sydney,139,22.2,0.0,1,0,0,10,2058
2024-10-15,Melbourne,103,25.7,9.1,1,0,0,10,1566
2024-10-15,Brisbane,87,19.4,0.9,1,0,0,10,1031
2024-10-15,Perth,78,23.1,6.5,1,0,0,10,330
2024-10-15,Adelaide,41,18.4,0.0,1,0,0,10,407
2024-10-15,Canberra,48,17.2,0.0,1,0,0,10,171
2024-10-16,Sydney,104,18.2,0.0,2,0,0,10,2058
2024-10-16,Melbourne,114,23.9,5.4,2,0,0,10,1566
2024-10-16,Brisbane,95,20.0,0.2,2,0,0,10,1031
2024-10-16,Perth,68,21.3,0.0,2,0,0,10,330
2024-10-16,Adelaide,36,25.2,0.0,2,0,0,10,407
2024-10-16,Canberra,48,20.2,1.7,2,0,0,10,171
2024-10-17,Sydney,142,15.8,0.0,3,0,0,10,2058
2024-10-17,Melbourne,98,25.2,0.3,3,0,0,10,1566
2024-10-17,Brisbane,87,20.0,0.0,3,0,0,10,1031
2024-10-17,Perth,56,21.7,3.0,3,0,0,10,330
2024-10-17,Adelaide,41,21.1,0.0,3,0,0,10,407
2024-10-17,Canberra,48,22.8,0.0,3,0,0,10,171
2024-10-18,Sydney,126,21.1,7.6,4,0,0,10,2058
2024-10-18,Melbourne,110,22.0,0.0,4,0,0,10,1566
2024-10-18,Brisbane,90,26.7,3.1,4,0,0,10,1031
2024-10-18,Perth,64,28.5,0.0,4,0,0,10,330
2024-10-18,Adelaide,56,21.4,2.6,4,0,0,10,407
2024-10-18,Canberra,76,18.1,0.0,4,0,0,10,171
2024-10-19,Sydney,84,21.8,0.0,5,1,0,10,2058
2024-10-19,Melbourne,86,22.7,0.0,5,1,0,10,1566
2024-10-19,Brisbane,61,21.4,0.7,5,1,0,10,1031
2024-10-19,Perth,44,22.9,0.0,5,1,0,10,330
2024-10-19,Adelaide,52,24.3,0.0,5,1,0,10,407
2024-10-19,Canberra,27,27.7,3.3,5,1,0,10,171
2024-10-20,Sydney,97,24.7,0.0,6,1,0,10,2058
2024-10-20,Melbourne,85,23.0,2.6,6,1,0,10,1566
2024-10-20,Brisbane,68,22.3,0.0,6,1,0,10,1031
2024-10-20,Perth,48,20.9,0.0,6,1,0,10,330
2024-10-20,Adelaide,32,26.9,0.0,6,1,0,10,407
2024-10-20,Canberra,32,20.0,0.7,6,1,0,10,171
2024-10-21,Sydney,137,26.4,0.2,0,0,0,10,2058
2024-10-21,Melbourne,113,21.9,2.7,0,0,0,10,1566
2024-10-21,Brisbane,90,20.9,0.0,0,0,0,10,1031
2024-10-21,Perth,54,17.5,0.3,0,0,0,10,330
2024-10-21,Adelaide,75,21.4,0.0,0,0,0,10,407
2024-10-21,Canberra,46,23.0,0.0,0,0,0,10,171
2024-10-22,Sydney,104,20.1,0.0,1,0,0,10,2058
2024-10-22,Melbourne,109,22.1,0.0,1,0,0,10,1566
2024-10-22,Brisbane,79,20.5,0.0,1,0,0,10,1031
2024-10-22,Perth,56,26.4,1.2,1,0,0,10,330
2024-10-22,Adelaide,70,22.4,3.8,1,0,0,10,407
2024-10-22,Canberra,89,22.5,0.0,1,0,0,10,171
2024-10-23,Sydney,110,22.6,0.6,2,0,0,10,2058
2024-10-23,Melbourne,109,23.9,0.0,2,0,0,10,1566
2024-10-23,Brisbane,89,20.7,7.8,2,0,0,10,1031
2024-10-23,Perth,70,23.1,4.1,2,0,0,10,330
2024-10-23,Adelaide,57,24.0,0.0,2,0,0,10,407
2024-10-23,Canberra,33,24.5,0.0,2,0,0,10,171
2024-10-24,Sydney,120,27.0,0.6,3,0,0,10,2058
2024-10-24,Melbourne,122,24.4,0.0,3,0,0,10,1566
2024-10-24,Brisbane,86,26.3,1.1,3,0,0,10,1031
2024-10-24,Perth,68,17.9,3.5,3,0,0,10,330
2024-10-24,Adelaide,68,22.7,0.0,3,0,0,10,407
2024-10-24,Canberra,48,25.7,0.0,3,0,0,10,171
2024-10-25,Sydney,146,12.7,7.5,4,0,0,10,2058
2024-10-25,Melbourne,89,20.6,1.7,4,0,0,10,1566
2024-10-25,Brisbane,103,21.1,2.5,4,0,0,10,1031
2024-10-25,Perth,70,25.5,2.0,4,0,0,10,330
2024-10-25,Adelaide,62,27.7,0.0,4,0,0,10,407
2024-10-25,Canberra,35,20.5,2.0,4,0,0,10,171
2024-10-26,Sydney,88,24.8,0.0,5,1,0,10,2058
2024-10-26,Melbourne,100,24.0,0.0,5,1,0,10,1566
2024-10-26,Brisbane,58,14.5,0.0,5,1,0,10,1031
2024-10-26,Perth,77,25.6,0.0,5,1,0,10,330
2024-10-26,Adelaide,39,20.7,12.2,5,1,0,10,407
2024-10-26,Canberra,29,23.3,0.0,5,1,0,10,171
2024-10-27,Sydney,97,19.8,0.0,6,1,0,10,2058
2024-10-27,Melbourne,81,15.1,0.0,6,1,0,10,1566
2024-10-27,Brisbane,62,17.4,0.0,6,1,0,10,1031
2024-10-27,Perth,49,19.7,0.0,6,1,0,10,330
2024-10-27,Adelaide,38,19.2,0.1,6,1,0,10,407
2024-10-27,Canberra,34,22.3,0.0,6,1,0,10,171
2024-10-28,Sydney,99,25.6,0.0,0,0,0,10,2058
2024-10-28,Melbourne,108,22.7,0.0,0,0,0,10,1566
2024-10-28,Brisbane,69,21.4,2.8,0,0,0,10,1031
2024-10-28,Perth,68,27.1,0.0,0,0,0,10,330
2024-10-28,Adelaide,60,25.4,0.0,0,0,0,10,407
2024-10-28,Canberra,35,22.5,0.0,0,0,0,10,171
2024-10-29,Sydney,101,18.9,0.0,1,0,0,10,2058
2024-10-29,Melbourne,104,19.9,1.6,1,0,0,10,1566
2024-10-29,Brisbane,95,23.7,0.0,1,0,0,10,1031
2024-10-29,Perth,71,18.6,7.8,1,0,0,10,330
2024-10-29,Adelaide,75,15.0,0.0,1,0,0,10,407
2024-10-29,Canberra,42,22.9,0.0,1,0,0,10,171
2024-10-30,Sydney,120,22.4,0.0,2,0,0,10,2058
2024-10-30,Melbourne,113,20.6,0.0,2,0,0,10,1566
2024-10-30,Brisbane,77,19.6,0.0,2,0,0,10,1031
2024-10-30,Perth,58,20.5,0.0,2,0,0,10,330
2024-10-30,Adelaide,52,24.9,0.0,2,0,0,10,407
2024-10-30,Canberra,33,23.6,2.7,2,0,0,10,171
2024-10-31,Sydney,118,18.7,0.0,3,0,0,10,2058
2024-10-31,Melbourne,122,24.3,0.0,3,0,0,10,1566
2024-10-31,Brisbane,58,29.3,0.0,3,0,0,10,1031
2024-10-31,Perth,89,22.7,0.0,3,0,0,10,330
2024-10-31,Adelaide,45,24.3,2.4,3,0,0,10,407
2024-10-31,Canberra,35,16.5,0.0,3,0,0,10,171
2024-11-01,Sydney,96,20.6,0.0,4,0,0,11,2058
2024-11-01,Melbourne,92,25.6,0.0,4,0,0,11,1566
2024-11-01,Brisbane,76,16.7,1.1,4,0,0,11,1031
2024-11-01,Perth,45,21.6,11.4,4,0,0,11,330
2024-11-01,Adelaide,54,17.1,0.0,4,0,0,11,407
2024-11-01,Canberra,31,27.7,0.0,4,0,0,11,171
2024-11-02,Sydney,114,24.9,0.0,5,1,0,11,2058
2024-11-02,Melbourne,75,24.6,0.0,5,1,0,11,1566
2024-11-02,Brisbane,44,21.6,0.0,5,1,0,11,1031
2024-11-02,Perth,42,25.4,0.0,5,1,0,11,330
2024-11-02,Adelaide,40,22.7,0.0,5,1,0,11,407
2024-11-02,Canberra,27,20.4,0.0,5,1,0,11,171
2024-11-03,Sydney,72,17.6,2.4,6,1,0,11,2058
2024-11-03,Melbourne,93,23.3,7.9,6,1,0,11,1566
2024-11-03,Brisbane,40,15.8,0.0,6,1,0,11,1031
2024-11-03,Perth,39,26.2,1.5,6,1,0,11,330
2024-11-03,Adelaide,94,25.3,0.0,6,1,0,11,407
2024-11-03,Canberra,51,22.2,0.0,6,1,0,11,171
2024-11-04,Sydney,127,25.0,0.0,0,0,0,11,2058
2024-11-04,Melbourne,104,24.2,0.0,0,0,0,11,1566
2024-11-04,Brisbane,98,23.1,4.0,0,0,0,11,1031
2024-11-04,Perth,57,16.9,0.1,0,0,0,11,330
2024-11-04,Adelaide,50,20.0,0.0,0,0,0,11,407
2024-11-04,Canberra,32,25.6,3.7,0,0,0,11,171
2024-11-05,Sydney,117,21.0,0.0,1,0,0,11,2058
2024-11-05,Melbourne,98,22.1,0.0,1,0,0,11,1566
2024-11-05,Brisbane,74,23.2,0.0,1,0,0,11,1031
2024-11-05,Perth,55,20.4,0.0,1,0,0,11,330
2024-11-05,Adelaide,51,22.5,0.0,1,0,0,11,407
2024-11-05,Canberra,35,24.7,0.6,1,0,0,11,171
2024-11-06,Sydney,113,23.3,5.4,2,0,0,11,2058
2024-11-06,Melbourne,78,25.0,0.0,2,0,0,11,1566
2024-11-06,Brisbane,69,17.9,1.2,2,0,0,11,1031
2024-11-06,Perth,138,18.5,0.0,2,0,0,11,330
2024-11-06,Adelaide,55,15.0,10.2,2,0,0,11,407
2024-11-06,Canberra,26,19.9,7.0,2,0,0,11,171
2024-11-07,Sydney,94,20.7,0.4,3,0,0,11,2058
2024-11-07,Melbourne,140,21.8,0.0,3,0,0,11,1566
2024-11-07,Brisbane,68,23.3,0.4,3,0,0,11,1031
2024-11-07,Perth,62,27.9,0.9,3,0,0,11,330
2024-11-07,Adelaide,63,21.5,2.8,3,0,0,11,407
2024-11-07,Canberra,43,23.5,0.0,3,0,0,11,171
2024-11-08,Sydney,125,16.6,0.0,4,0,0,11,2058
2024-11-08,Melbourne,136,21.2,0.0,4,0,0,11,1566
2024-11-08,Brisbane,96,25.2,1.6,4,0,0,11,1031
2024-11-08,Perth,36,23.9,1.1,4,0,0,11,330
2024-11-08,Adelaide,46,22.3,0.0,4,0,0,11,407
2024-11-08,Canberra,42,23.9,0.0,4,0,0,11,171
2024-11-09,Sydney,56,27.7,17.2,5,1,0,11,2058
2024-11-09,Melbourne,72,21.1,0.0,5,1,0,11,1566
2024-11-09,Brisbane,57,21.5,0.0,5,1,0,11,1031
2024-11-09,Perth,41,25.5,0.0,5,1,0,11,330
2024-11-09,Adelaide,38,19.4,0.0,5,1,0,11,407
2024-11-09,Canberra,44,18.2,0.0,5,1,0,11,171
2024-11-10,Sydney,83,26.4,3.4,6,1,0,11,2058
2024-11-10,Melbourne,54,25.4,11.1,6,1,0,11,1566
2024-11-10,Brisbane,41,23.5,0.0,6,1,0,11,1031
2024-11-10,Perth,53,17.0,0.0,6,1,0,11,330
2024-11-10,Adelaide,45,24.6,0.0,6,1,0,11,407
2024-11-10,Canberra,21,23.4,6.0,6,1,0,11,171
2024-11-11,Sydney,110,26.9,0.0,0,0,0,11,2058
2024-11-11,Melbourne,123,22.6,5.8,0,0,0,11,1566
2024-11-11,Brisbane,88,21.4,0.0,0,0,0,11,1031
2024-11-11,Perth,69,19.2,0.0,0,0,0,11,330
2024-11-11,Adelaide,55,17.8,0.0,0,0,0,11,407
2024-11-11,Canberra,33,20.2,10.3,0,0,0,11,171
2024-11-12,Sydney,100,20.8,0.0,1,0,0,11,2058
2024-11-12,Melbourne,90,21.5,3.9,1,0,0,11,1566
2024-11-12,Brisbane,72,21.9,0.0,1,0,0,11,1031
2024-11-12,Perth,46,20.7,0.0,1,0,0,11,330
2024-11-12,Adelaide,49,29.6,0.0,1,0,0,11,407
2024-11-12,Canberra,41,20.7,0.0,1,0,0,11,171
2024-11-13,Sydney,99,25.0,0.4,2,0,0,11,2058
2024-11-13,Melbourne,104,21.4,1.4,2,0,0,11,1566
2024-11-13,Brisbane,66,21.0,0.0,2,0,0,11,1031
2024-11-13,Perth,72,28.8,5.6,2,0,0,11,330
2024-11-13,Adelaide,50,21.6,0.0,2,0,0,11,407
2024-11-13,Canberra,38,24.6,0.0,2,0,0,11,171
2024-11-14,Sydney,117,18.4,0.0,3,0,0,11,2058
2024-11-14,Melbourne,82,22.7,0.0,3,0,0,11,1566
2024-11-14,Brisbane,69,26.0,0.0,3,0,0,11,1031
2024-11-14,Perth,67,21.8,0.0,3,0,0,11,330
2024-11-14,Adelaide,56,18.8,0.0,3,0,0,11,407
2024-11-14,Canberra,39,24.4,1.4,3,0,0,11,171
2024-11-15,Sydney,136,17.8,0.0,4,0,0,11,2058
2024-11-15,Melbourne,106,19.9,1.5,4,0,0,11,1566
2024-11-15,Brisbane,64,24.9,0.0,4,0,0,11,1031
2024-11-15,Perth,51,22.6,0.0,4,0,0,11,330
2024-11-15,Adelaide,50,23.1,0.0,4,0,0,11,407
2024-11-15,Canberra,40,18.5,0.0,4,0,0,11,171
2024-11-16,Sydney,75,27.7,3.6,5,1,0,11,2058
2024-11-16,Melbourne,48,22.7,5.3,5,1,0,11,1566
2024-11-16,Brisbane,62,20.7,3.2,5,1,0,11,1031
2024-11-16,Perth,38,27.0,0.0,5,1,0,11,330
2024-11-16,Adelaide,43,26.0,0.0,5,1,0,11,407
2024-11-16,Canberra,25,23.4,0.0,5,1,0,11,171
2024-11-17,Sydney,138,22.2,0.0,6,1,0,11,2058
2024-11-17,Melbourne,72,24.5,0.0,6,1,0,11,1566
2024-11-17,Brisbane,59,19.2,0.5,6,1,0,11,1031
2024-11-17,Perth,44,18.9,0.0,6,1,0,11,330
2024-11-17,Adelaide,33,26.8,1.0,6,1,0,11,407
2024-11-17,Canberra,31,22.1,0.0,6,1,0,11,171
2024-11-18,Sydney,94,27.4,0.0,0,0,0,11,2058
2024-11-18,Melbourne,91,23.0,0.0,0,0,0,11,1566
2024-11-18,Brisbane,77,23.5,0.0,0,0,0,11,1031
2024-11-18,Perth,70,15.7,1.0,0,0,0,11,330
2024-11-18,Adelaide,55,21.8,3.2,0,0,0,11,407
2024-11-18,Canberra,36,22.3,0.0,0,0,0,11,171
2024-11-19,Sydney,113,20.0,0.0,1,0,0,11,2058
2024-11-19,Melbourne,94,17.6,1.9,1,0,0,11,1566
2024-11-19,Brisbane,71,24.7,0.0,1,0,0,11,1031
2024-11-19,Perth,60,22.6,0.0,1,0,0,11,330
2024-11-19,Adelaide,52,22.3,1.3,1,0,0,11,407
2024-11-19,Canberra,30,16.0,0.0,1,0,0,11,171
2024-11-20,Sydney,93,22.6,1.7,2,0,0,11,2058
2024-11-20,Melbourne,87,18.3,0.0,2,0,0,11,1566
2024-11-20,Brisbane,75,20.2,0.0,2,0,0,11,1031
2024-11-20,Perth,71,22.2,0.0,2,0,0,11,330
2024-11-20,Adelaide,51,24.5,0.0,2,0,0,11,407
2024-11-20,Canberra,33,23.4,0.0,2,0,0,11,171
2024-11-21,Sydney,119,24.6,1.9,3,0,0,11,2058
2024-11-21,Melbourne,82,18.2,2.8,3,0,0,11,1566
2024-11-21,Brisbane,47,19.2,0.0,3,0,0,11,1031
2024-11-21,Perth,41,23.7,0.0,3,0,0,11,330
2024-11-21,Adelaide,98,20.8,1.2,3,0,0,11,407
2024-11-21,Canberra,34,25.0,0.0,3,0,0,11,171
2024-11-22,Sydney,111,22.3,0.0,4,0,0,11,2058
2024-11-22,Melbourne,98,22.4,0.0,4,0,0,11,1566
2024-11-22,Brisbane,81,28.6,0.0,4,0,0,11,1031
2024-11-22,Perth,58,21.6,0.0,4,0,0,11,330
2024-11-22,Adelaide,54,20.7,0.0,4,0,0,11,407
2024-11-22,Canberra,70,19.3,0.0,4,0,0,11,171
2024-11-23,Sydney,92,22.0,2.6,5,1,0,11,2058
2024-11-23,Melbourne,76,17.9,5.5,5,1,0,11,1566
2024-11-23,Brisbane,40,22.4,0.0,5,1,0,11,1031
2024-11-23,Perth,45,21.8,0.0,5,1,0,11,330
2024-11-23,Adelaide,32,19.2,0.0,5,1,0,11,407
2024-11-23,Canberra,24,25.2,0.0,5,1,0,11,171
2024-11-24,Sydney,66,23.0,0.9,6,1,0,11,2058
2024-11-24,Melbourne,66,20.9,0.0,6,1,0,11,1566
2024-11-24,Brisbane,46,19.3,0.0,6,1,0,11,1031
2024-11-24,Perth,35,20.4,2.7,6,1,0,11,330
2024-11-24,Adelaide,40,22.7,7.6,6,1,0,11,407
2024-11-24,Canberra,21,21.4,0.0,6,1,0,11,171
2024-11-25,Sydney,117,23.3,1.3,0,0,0,11,2058
2024-11-25,Melbourne,95,22.3,7.1,0,0,0,11,1566
2024-11-25,Brisbane,72,19.4,3.5,0,0,0,11,1031
2024-11-25,Perth,55,19.4,0.0,0,0,0,11,330
2024-11-25,Adelaide,41,25.6,0.0,0,0,0,11,407
2024-11-25,Canberra,39,24.1,0.0,0,0,0,11,171
2024-11-26,Sydney,92,22.2,0.0,1,0,0,11,2058
2024-11-26,Melbourne,95,24.4,0.0,1,0,0,11,1566
2024-11-26,Brisbane,54,21.2,0.0,1,0,0,11,1031
2024-11-26,Perth,51,21.0,4.6,1,0,0,11,330
2024-11-26,Adelaide,95,20.5,0.0,1,0,0,11,407
2024-11-26,Canberra,34,20.0,0.0,1,0,0,11,171
2024-11-27,Sydney,90,16.4,0.4,2,0,0,11,2058
2024-11-27,Melbourne,98,27.5,0.0,2,0,0,11,1566
2024-11-27,Brisbane,76,24.8,2.5,2,0,0,11,1031
2024-11-27,Perth,62,22.8,0.0,2,0,0,11,330
2024-11-27,Adelaide,65,17.4,0.0,2,0,0,11,407
2024-11-27,Canberra,35,19.9,3.8,2,0,0,11,171
2024-11-28,Sydney,110,19.2,2.1,3,0,0,11,2058
2024-11-28,Melbourne,76,20.8,2.5,3,0,0,11,1566
2024-11-28,Brisbane,60,22.8,0.0,3,0,0,11,1031
2024-11-28,Perth,55,15.9,6.7,3,0,0,11,330
2024-11-28,Adelaide,64,20.0,1.4,3,0,0,11,407
2024-11-28,Canberra,40,20.5,6.2,3,0,0,11,171
2024-11-29,Sydney,123,17.8,0.0,4,0,0,11,2058
2024-11-29,Melbourne,86,20.8,2.1,4,0,0,11,1566
2024-11-29,Brisbane,77,25.3,5.8,4,0,0,11,1031
2024-11-29,Perth,59,21.8,2.2,4,0,0,11,330
2024-11-29,Adelaide,52,21.1,0.0,4,0,0,11,407
2024-11-29,Canberra,32,27.0,0.0,4,0,0,11,171
2024-11-30,Sydney,67,23.2,0.0,5,1,0,11,2058
2024-11-30,Melbourne,51,22.1,6.2,5,1,0,11,1566
2024-11-30,Brisbane,49,21.5,2.7,5,1,0,11,1031
2024-11-30,Perth,65,21.5,3.1,5,1,0,11,330
2024-11-30,Adelaide,55,16.4,0.0,5,1,0,11,407
2024-11-30,Canberra,30,16.5,5.5,5,1,0,11,171
2024-12-01,Sydney,87,30.2,0.0,6,1,0,12,2058
2024-12-01,Melbourne,50,31.5,0.0,6,1,0,12,1566
2024-12-01,Brisbane,46,36.5,0.0,6,1,0,12,1031
2024-12-01,Perth,37,28.8,0.0,6,1,0,12,330
2024-12-01,Adelaide,42,30.2,0.0,6,1,0,12,407
2024-12-01,Canberra,27,23.8,0.0,6,1,0,12,171
2024-12-02,Sydney,99,29.9,0.0,0,0,0,12,2058
2024-12-02,Melbourne,243,27.8,4.4,0,0,0,12,1566
2024-12-02,Brisbane,77,24.9,0.0,0,0,0,12,1031
2024-12-02,Perth,79,29.0,1.0,0,0,0,12,330
2024-12-02,Adelaide,57,32.8,3.6,0,0,0,12,407
2024-12-02,Canberra,32,18.6,0.0,0,0,0,12,171
2024-12-03,Sydney,96,29.0,9.8,1,0,0,12,2058
2024-12-03,Melbourne,105,31.4,0.0,1,0,0,12,1566
2024-12-03,Brisbane,80,32.8,0.0,1,0,0,12,1031
2024-12-03,Perth,41,24.8,0.0,1,0,0,12,330
2024-12-03,Adelaide,59,27.4,0.0,1,0,0,12,407
2024-12-03,Canberra,60,26.0,0.0,1,0,0,12,171
2024-12-04,Sydney,139,21.2,0.0,2,0,0,12,2058
2024-12-04,Melbourne,63,29.2,3.1,2,0,0,12,1566
2024-12-04,Brisbane,56,31.6,0.0,2,0,0,12,1031
2024-12-04,Perth,73,29.5,0.0,2,0,0,12,330
2024-12-04,Adelaide,48,25.6,0.0,2,0,0,12,407
2024-12-04,Canberra,35,23.9,0.0,2,0,0,12,171
2024-12-05,Sydney,122,34.7,0.0,3,0,0,12,2058
2024-12-05,Melbourne,212,35.5,0.0,3,0,0,12,1566
2024-12-05,Brisbane,59,25.4,1.2,3,0,0,12,1031
2024-12-05,Perth,57,23.4,2.1,3,0,0,12,330
2024-12-05,Adelaide,38,24.7,0.0,3,0,0,12,407
2024-12-05,Canberra,28,32.4,0.0,3,0,0,12,171
2024-12-06,Sydney,82,24.3,0.0,4,0,0,12,2058
2024-12-06,Melbourne,85,26.9,1.1,4,0,0,12,1566
2024-12-06,Brisbane,73,26.8,0.0,4,0,0,12,1031
2024-12-06,Perth,53,28.3,0.0,4,0,0,12,330
2024-12-06,Adelaide,59,20.4,0.8,4,0,0,12,407
2024-12-06,Canberra,36,27.6,0.0,4,0,0,12,171
2024-12-07,Sydney,81,25.8,0.0,5,1,0,12,2058
2024-12-07,Melbourne,80,23.7,0.0,5,1,0,12,1566
2024-12-07,Brisbane,54,31.0,0.0,5,1,0,12,1031
2024-12-07,Perth,47,25.0,0.0,5,1,0,12,330
2024-12-07,Adelaide,45,24.9,0.1,5,1,0,12,407
2024-12-07,Canberra,24,27.9,0.0,5,1,0,12,171
2024-12-08,Sydney,81,26.9,0.0,6,1,0,12,2058
2024-12-08,Melbourne,66,34.5,0.0,6,1,0,12,1566
2024-12-08,Brisbane,47,25.9,0.0,6,1,0,12,1031
2024-12-08,Perth,37,32.3,1.2,6,1,0,12,330
2024-12-08,Adelaide,32,31.6,0.0,6,1,0,12,407
2024-12-08,Canberra,30,26.3,0.0,6,1,0,12,171
2024-12-09,Sydney,117,34.8,2.7,0,0,0,12,2058
2024-12-09,Melbourne,93,25.0,0.0,0,0,0,12,1566
2024-12-09,Brisbane,51,32.0,1.8,0,0,0,12,1031
2024-12-09,Perth,64,25.8,3.5,0,0,0,12,330
2024-12-09,Adelaide,87,33.7,0.0,0,0,0,12,407
2024-12-09,Canberra,36,27.9,0.0,0,0,0,12,171
2024-12-10,Sydney,177,29.6,0.0,1,0,0,12,2058
2024-12-10,Melbourne,129,24.9,0.0,1,0,0,12,1566
2024-12-10,Brisbane,77,30.3,0.0,1,0,0,12,1031
2024-12-10,Perth,55,26.3,0.0,1,0,0,12,330
2024-12-10,Adelaide,29,36.2,0.0,1,0,0,12,407
2024-12-10,Canberra,65,28.0,0.4,1,0,0,12,171
2024-12-11,Sydney,111,30.4,0.2,2,0,0,12,2058
2024-12-11,Melbourne,79,28.6,5.5,2,0,0,12,1566
2024-12-11,Brisbane,65,27.4,0.0,2,0,0,12,1031
2024-12-11,Perth,48,27.7,0.0,2,0,0,12,330
2024-12-11,Adelaide,55,25.8,0.0,2,0,0,12,407
2024-12-11,Canberra,38,35.0,0.3,2,0,0,12,171
2024-12-12,Sydney,162,27.1,0.0,3,0,0,12,2058
2024-12-12,Melbourne,91,29.4,0.4,3,0,0,12,1566
2024-12-12,Brisbane,74,27.5,0.0,3,0,0,12,1031
2024-12-12,Perth,52,30.0,0.0,3,0,0,12,330
2024-12-12,Adelaide,58,29.6,1.3,3,0,0,12,407
2024-12-12,Canberra,38,30.7,0.0,3,0,0,12,171
2024-12-13,Sydney,73,25.5,0.4,4,0,0,12,2058
2024-12-13,Melbourne,103,24.3,0.0,4,0,0,12,1566
2024-12-13,Brisbane,79,29.9,4.5,4,0,0,12,1031
2024-12-13,Perth,64,27.0,0.6,4,0,0,12,330
2024-12-13,Adelaide,50,22.2,0.0,4,0,0,12,407
2024-12-13,Canberra,42,29.6,0.0,4,0,0,12,171
2024-12-14,Sydney,73,29.8,0.0,5,1,0,12,2058
2024-12-14,Melbourne,61,30.0,2.4,5,1,0,12,1566
2024-12-14,Brisbane,49,26.1,0.0,5,1,0,12,1031
2024-12-14,Perth,78,23.0,0.0,5,1,0,12,330
2024-12-14,Adelaide,28,23.7,0.0,5,1,0,12,407
2024-12-14,Canberra,16,23.0,0.0,5,1,0,12,171
2024-12-15,Sydney,61,23.3,0.0,6,1,0,12,2058
2024-12-15,Melbourne,64,26.0,0.0,6,1,0,12,1566
2024-12-15,Brisbane,45,29.9,0.0,6,1,0,12,1031
2024-12-15,Perth,35,32.6,0.0,6,1,0,12,330
2024-12-15,Adelaide,23,26.9,0.0,6,1,0,12,407
2024-12-15,Canberra,29,28.6,0.0,6,1,0,12,171
2024-12-16,Sydney,104,25.8,0.0,0,0,0,12,2058
2024-12-16,Melbourne,167,36.1,0.0,0,0,0,12,1566
2024-12-16,Brisbane,76,32.1,1.5,0,0,0,12,1031
2024-12-16,Perth,47,22.3,1.7,0,0,0,12,330
2024-12-16,Adelaide,48,24.6,0.0,0,0,0,12,407
2024-12-16,Canberra,36,24.1,0.0,0,0,0,12,171
2024-12-17,Sydney,107,20.2,0.0,1,0,0,12,2058
2024-12-17,Melbourne,82,26.5,0.0,1,0,0,12,1566
2024-12-17,Brisbane,61,29.9,0.0,1,0,0,12,1031
2024-12-17,Perth,55,21.4,0.0,1,0,0,12,330
2024-12-17,Adelaide,60,29.6,0.3,1,0,0,12,407
2024-12-17,Canberra,35,30.1,0.0,1,0,0,12,171
2024-12-18,Sydney,115,25.7,0.0,2,0,0,12,2058
2024-12-18,Melbourne,71,24.5,0.0,2,0,0,12,1566
2024-12-18,Brisbane,147,26.8,1.5,2,0,0,12,1031
2024-12-18,Perth,61,28.2,0.0,2,0,0,12,330
2024-12-18,Adelaide,33,27.1,0.5,2,0,0,12,407
2024-12-18,Canberra,42,30.0,0.5,2,0,0,12,171
2024-12-19,Sydney,101,27.8,0.0,3,0,0,12,2058
2024-12-19,Melbourne,93,32.8,0.0,3,0,0,12,1566
2024-12-19,Brisbane,66,28.0,0.2,3,0,0,12,1031
2024-12-19,Perth,55,31.9,0.0,3,0,0,12,330
2024-12-19,Adelaide,47,36.2,0.0,3,0,0,12,407
2024-12-19,Canberra,30,33.5,0.0,3,0,0,12,171
2024-12-20,Sydney,219,26.6,0.0,4,0,0,12,2058
2024-12-20,Melbourne,109,32.0,0.0,4,0,0,12,1566
2024-12-20,Brisbane,113,30.7,0.0,4,0,0,12,1031
2024-12-20,Perth,57,29.3,1.4,4,0,0,12,330
2024-12-20,Adelaide,105,22.3,4.6,4,0,0,12,407
2024-12-20,Canberra,33,22.4,0.0,4,0,0,12,171
2024-12-21,Sydney,61,31.6,0.0,5,1,0,12,2058
2024-12-21,Melbourne,47,31.2,1.6,5,1,0,12,1566
2024-12-21,Brisbane,45,29.7,0.0,5,1,0,12,1031
2024-12-21,Perth,44,28.8,0.0,5,1,0,12,330
2024-12-21,Adelaide,20,26.7,2.3,5,1,0,12,407
2024-12-21,Canberra,20,19.4,0.2,5,1,0,12,171
2024-12-22,Sydney,92,33.8,0.0,6,1,0,12,2058
2024-12-22,Melbourne,67,27.9,0.0,6,1,0,12,1566
2024-12-22,Brisbane,50,29.4,0.0,6,1,0,12,1031
2024-12-22,Perth,26,31.5,11.6,6,1,0,12,330
2024-12-22,Adelaide,41,25.0,0.0,6,1,0,12,407
2024-12-22,Canberra,30,22.3,0.0,6,1,0,12,171
2024-12-23,Sydney,59,32.4,0.6,0,0,0,12,2058
2024-12-23,Melbourne,96,32.4,0.0,0,0,0,12,1566
2024-12-23,Brisbane,69,30.2,0.0,0,0,0,12,1031
2024-12-23,Perth,52,25.6,0.0,0,0,0,12,330
2024-12-23,Adelaide,50,33.1,0.0,0,0,0,12,407
2024-12-23,Canberra,34,30.9,0.0,0,0,0,12,171
2024-12-24,Sydney,120,31.0,0.0,1,0,0,12,2058
2024-12-24,Melbourne,88,25.9,0.0,1,0,0,12,1566
2024-12-24,Brisbane,68,24.0,0.0,1,0,0,12,1031
2024-12-24,Perth,62,29.2,4.2,1,0,0,12,330
2024-12-24,Adelaide,50,23.6,0.1,1,0,0,12,407
2024-12-24,Canberra,41,23.9,0.0,1,0,0,12,171
2024-12-25,Sydney,91,23.7,7.4,2,0,1,12,2058
2024-12-25,Melbourne,44,25.7,0.0,2,0,1,12,1566
2024-12-25,Brisbane,22,29.2,0.6,2,0,1,12,1031
2024-12-25,Perth,17,35.8,0.5,2,0,1,12,330
2024-12-25,Adelaide,22,24.2,1.3,2,0,1,12,407
2024-12-25,Canberra,11,32.3,0.9,2,0,1,12,171
2024-12-26,Sydney,39,32.4,0.0,3,0,1,12,2058
2024-12-26,Melbourne,38,29.4,0.0,3,0,1,12,1566
2024-12-26,Brisbane,27,23.4,0.0,3,0,1,12,1031
2024-12-26,Perth,21,30.7,0.0,3,0,1,12,330
2024-12-26,Adelaide,21,29.2,0.0,3,0,1,12,407
2024-12-26,Canberra,16,24.8,0.0,3,0,1,12,171
2024-12-27,Sydney,89,30.4,5.4,4,0,0,12,2058
2024-12-27,Melbourne,84,23.5,0.0,4,0,0,12,1566
2024-12-27,Brisbane,75,28.3,0.0,4,0,0,12,1031
2024-12-27,Perth,45,32.1,0.6,4,0,0,12,330
2024-12-27,Adelaide,52,27.2,0.0,4,0,0,12,407
2024-12-27,Canberra,34,31.8,0.0,4,0,0,12,171
2024-12-28,Sydney,76,28.5,0.0,5,1,0,12,2058
2024-12-28,Melbourne,74,22.5,0.0,5,1,0,12,1566
2024-12-28,Brisbane,53,32.8,0.0,5,1,0,12,1031
2024-12-28,Perth,31,29.9,0.0,5,1,0,12,330
2024-12-28,Adelaide,43,29.8,0.0,5,1,0,12,407
2024-12-28,Canberra,27,29.4,0.8,5,1,0,12,171
2024-12-29,Sydney,68,24.6,0.0,6,1,0,12,2058
2024-12-29,Melbourne,41,25.4,1.5,6,1,0,12,1566
2024-12-29,Brisbane,44,23.0,4.3,6,1,0,12,1031
2024-12-29,Perth,35,25.9,0.0,6,1,0,12,330
2024-12-29,Adelaide,28,29.2,0.7,6,1,0,12,407
2024-12-29,Canberra,24,26.7,0.0,6,1,0,12,171
2024-12-30,Sydney,69,31.9,0.0,0,0,0,12,2058
2024-12-30,Melbourne,90,20.5,0.0,0,0,0,12,1566
2024-12-30,Brisbane,81,27.8,1.0,0,0,0,12,1031
2024-12-30,Perth,64,25.0,0.0,0,0,0,12,330
2024-12-30,Adelaide,52,33.6,1.9,0,0,0,12,407
2024-12-30,Canberra,30,24.6,0.0,0,0,0,12,171
